study_ID,CompOC_BUFF_COMPANION_COMPANION_ENEMY,CompOC_BUFF_COMPANION_PLAYER_ENEMY,CompOC_BUFF_PLAYER_COMPANION_ENEMY,CompOC_BUFF_PLAYER_PLAYER_ENEMY,CompOC_DEATH_COMPANION_ENEMY_COMPANION,CompOC_DEATH_PLAYER_ENEMY_PLAYER,CompOC_HIT_COMPANION_COMPANION_ENEMY,CompOC_HIT_PLAYER_PLAYER_ENEMY,CompOC_HIT_KILL_COMPANION_COMPANION_ENEMY,CompOC_HIT_KILL_PLAYER_PLAYER_ENEMY,CompOC_MISS_COMPANION_COMPANION_ENEMY,CompOC_MISS_PLAYER_PLAYER_ENEMY,CompOC_NERF_COMPANION_COMPANION_ENEMY,CompOC_NERF_COMPANION_PLAYER_ENEMY,CompOC_NERF_PLAYER_COMPANION_ENEMY,CompOC_NERF_PLAYER_PLAYER_ENEMY,CompOC_SEC_ATTACK_COMPANION_COMPANION_ENEMY,CompOC_SEC_ATTACK_PLAYER_PLAYER_ENEMY,CompOF_BUFF_COMPANION_COMPANION_ENEMY,CompOF_BUFF_COMPANION_PLAYER_ENEMY,CompOF_BUFF_PLAYER_COMPANION_ENEMY,CompOF_BUFF_PLAYER_PLAYER_ENEMY,CompOF_DEATH_COMPANION_ENEMY_COMPANION,CompOF_DEATH_PLAYER_ENEMY_PLAYER,CompOF_HIT_COMPANION_COMPANION_ENEMY,CompOF_HIT_PLAYER_PLAYER_ENEMY,CompOF_HIT_KILL_COMPANION_COMPANION_ENEMY,CompOF_HIT_KILL_PLAYER_PLAYER_ENEMY,CompOF_MISS_COMPANION_COMPANION_ENEMY,CompOF_MISS_PLAYER_PLAYER_ENEMY,CompOF_NERF_COMPANION_COMPANION_ENEMY,CompOF_NERF_COMPANION_PLAYER_ENEMY,CompOF_NERF_PLAYER_COMPANION_ENEMY,CompOF_NERF_PLAYER_PLAYER_ENEMY,CompOF_SEC_ATTACK_COMPANION_COMPANION_ENEMY,CompOF_SEC_ATTACK_PLAYER_PLAYER_ENEMY,CompSC_BUFF_COMPANION_COMPANION_ENEMY,CompSC_BUFF_COMPANION_PLAYER_ENEMY,CompSC_BUFF_PLAYER_COMPANION_ENEMY,CompSC_BUFF_PLAYER_PLAYER_ENEMY,CompSC_DEATH_COMPANION_ENEMY_COMPANION,CompSC_DEATH_PLAYER_ENEMY_PLAYER,CompSC_HIT_COMPANION_COMPANION_ENEMY,CompSC_HIT_PLAYER_PLAYER_ENEMY,CompSC_HIT_KILL_COMPANION_COMPANION_ENEMY,CompSC_HIT_KILL_PLAYER_PLAYER_ENEMY,CompSC_MISS_COMPANION_COMPANION_ENEMY,CompSC_MISS_PLAYER_PLAYER_ENEMY,CompSC_NERF_COMPANION_PLAYER_ENEMY,CompSC_NERF_PLAYER_COMPANION_ENEMY,CompSC_NERF_PLAYER_PLAYER_ENEMY,CompSC_SEC_ATTACK_COMPANION_COMPANION_ENEMY,CompSC_SEC_ATTACK_PLAYER_PLAYER_ENEMY,CompSF_BUFF_COMPANION_COMPANION_ENEMY,CompSF_BUFF_COMPANION_PLAYER_ENEMY,CompSF_BUFF_PLAYER_COMPANION_ENEMY,CompSF_BUFF_PLAYER_PLAYER_ENEMY,CompSF_DEATH_PLAYER_ENEMY_PLAYER,CompSF_HIT_COMPANION_COMPANION_ENEMY,CompSF_HIT_PLAYER_PLAYER_ENEMY,CompSF_HIT_KILL_COMPANION_COMPANION_ENEMY,CompSF_HIT_KILL_PLAYER_PLAYER_ENEMY,CompSF_MISS_COMPANION_COMPANION_ENEMY,CompSF_MISS_PLAYER_PLAYER_ENEMY,CompSF_NERF_COMPANION_COMPANION_ENEMY,CompSF_NERF_COMPANION_PLAYER_ENEMY,CompSF_NERF_PLAYER_COMPANION_ENEMY,CompSF_NERF_PLAYER_PLAYER_ENEMY,CompSF_SEC_ATTACK_COMPANION_COMPANION_ENEMY,CompSF_SEC_ATTACK_PLAYER_PLAYER_ENEMY,CompOC_FINAL,CompOF_FINAL,CompSC_FINAL,CompSF_FINAL,PLAYER_ACCURACY_CompOC,PLAYER_ACCURACY_CompOF,PLAYER_ACCURACY_CompSC,PLAYER_ACCURACY_CompSF,COMPANION_ACCURACY_CompOC,COMPANION_ACCURACY_CompOF,COMPANION_ACCURACY_CompSC,COMPANION_ACCURACY_CompSF,Carimbo.de.data.hora,Sex,Age,Occupation,How.often.do.you.play.video.games.,Do.you.enjoy.games.that.offer.companions.to.aid.your.journeys.,Please.tell.us.the.companion.you.will.play.now,CompSC_PERCEIVED_FREQ_NERF_PLAYER_ENEMY,CompSC_PERCEIVED_FREQ_BUFF_COMPANION_ENEMY,CompSC_PERCEIVED_FREQ_BUFF_PLAYER_ENEMY,CompSC_PERCEIVED_FREQ_NERF_COMPANION_ENEMY,CompSC_EXPERIENCE_RATE,Please.tell.us.the.companion.you.will.play.now.1,CompSF_PERCEIVED_FREQ_NERF_COMPANION_ENEMY,CompSF_PERCEIVED_FREQ_BUFF_COMPANION_ENEMY,CompSF_PERCEIVED_FREQ_NERF_PLAYER_ENEMY,CompSF_PERCEIVED_FREQ_BUFF_PLAYER_ENEMY,CompSF_EXPERIENCE_RATE,Please.tell.us.the.companion.you.will.play.now.2,CompOC_PERCEIVED_FREQ_BUFF_PLAYER_ENEMY,CompOC_PERCEIVED_FREQ_BUFF_COMPANION_ENEMY,CompOC_PERCEIVED_FREQ_NERF_COMPANION_ENEMY,CompOC_PERCEIVED_FREQ_NERF_PLAYER_ENEMY,CompOC_EXPERIENCE_RATE,Please.tell.us.the.companion.you.will.play.now.3,CompOF_PERCEIVED_FREQ_BUFF_COMPANION_ENEMY,CompOF_PERCEIVED_FREQ_NERF_COMPANION_ENEMY,CompOF_PERCEIVED_FREQ_NERF_PLAYER_ENEMY,CompOF_PERCEIVED_FREQ_BUFF_PLAYER_ENEMY,CompOF_EXPERIENCE_RATE,Please.tell.us.the.companion.you.will.play.now.4,BUFF_PLAYER_ENEMY_PERCEIVED_UTILITY,NERF_PLAYER_ENEMY_PERCEIVED_UTILITY,BUFF_COMPANION_ENEMY_PERCEIVED_UTILITY,NERF_COMPANION_ENEMY_PERCEIVED_UTILITY,CompSC_PERCEIVED_QUADRANT,CompSF_PERCEIVED_QUADRANT,CompOC_PERCEIVED_QUADRANT,CompOF_PERCEIVED_QUADRANT,X.I.see.myself.as.a.,observed_pref_BUFF_PLAYER,observed_pref_NERF_PLAYER,observed_pref_BUFF_COMPANION,observed_pref_NERF_COMPANION,OBSERVED_QUADRANT,GEQ_SCORE_SC_PSYCHOLOGICAL_INVOLVEMENT_EMPATHY,GEQ_SCORE_SC_PSYCHOLOGICAL_INVOLVEMENT_NEGATIVE_FEELINGS,GEQ_SCORE_SC_PSYCHOLOGICAL_BEHAVIOURAL_INVOLVEMENT,GEQ_SCORE_SF_PSYCHOLOGICAL_INVOLVEMENT_EMPATHY,GEQ_SCORE_SF_PSYCHOLOGICAL_INVOLVEMENT_NEGATIVE_FEELINGS,GEQ_SCORE_SF_PSYCHOLOGICAL_BEHAVIOURAL_INVOLVEMENT,GEQ_SCORE_OC_PSYCHOLOGICAL_INVOLVEMENT_EMPATHY,GEQ_SCORE_OC_PSYCHOLOGICAL_INVOLVEMENT_NEGATIVE_FEELINGS,GEQ_SCORE_OC_PSYCHOLOGICAL_BEHAVIOURAL_INVOLVEMENT,GEQ_SCORE_OF_PSYCHOLOGICAL_INVOLVEMENT_EMPATHY,GEQ_SCORE_OF_PSYCHOLOGICAL_INVOLVEMENT_NEGATIVE_FEELINGS,GEQ_SCORE_OF_PSYCHOLOGICAL_BEHAVIOURAL_INVOLVEMENT,IMI_INTEREST_ENJOYMENT_SCORE
0,3,13,0,2,0,5,337,421,80,89,27,60,0,0,0,2,13,12,2,0,1,9,0,1,286,189,92,94,30,125,1,12,0,2,12,13,14,3,0,4,0,6,477,347,87,94,13,91,0,0,1,17,10,1,2,0,4,8,114,526,89,87,71,42,14,0,0,1,4,13,7343,10709,9146,5936,0.875259875,0.601910828,0.792237443,0.926056338,0.925824176,0.905063291,0.973469388,0.616216216,2023/09/08 1:11:40 da tarde CET,Masculine,17,Student,I make some time in my schedule to play video games.,I enjoy them and have played/watched others play them multiple times.,B,2,1,4,1,6,C,3,3,1,4,4,A,5,2,1,1,5,D,1,1,5,1,4,I've played with all 4 (four) companions,5,2,4,3,Self Challenger,Self Facilitator,Others' Challenger,Other's Facilitator,Self Challenger,4.75,1.5,0.25,0,Self Challenger,3.5,0.2,1.166666667,1.333333333,1.6,1.666666667,2.166666667,0.4,0.833333333,1.5,1.6,2.333333333,6.571428571
1,2,14,0,1,0,4,277,395,87,93,40,69,1,0,3,5,9,15,2,0,2,2,0,0,284,125,80,90,38,121,2,13,4,1,6,11,14,4,1,0,0,7,541,415,82,86,23,62,0,4,4,15,9,1,2,3,4,8,119,344,93,90,61,54,15,0,0,1,4,14,10095,5208,6046,6632,0.851293103,0.508130081,0.870020964,0.864321608,0.873817035,0.881987578,0.959219858,0.661111111,2023/09/08 1:51:30 da tarde CET,Masculine,18,Student,I make some time in my schedule to play video games.,I played/watched others play them enough to understand I do not appreciate them.,B,4,5,3,4,5,D,3,4,4,4,6,C,5,2,2,5,7,A,2,5,3,3,5,I've played with all 4 (four) companions,3,5,3,4,Other's Facilitator,Others' Challenger,Self Challenger,Self Facilitator,Others' Facilitator,1.75,2.75,1.5,2.75,Others' Facilitator,2.5,2.8,3,3.166666667,2.6,2.833333333,3.5,2.4,3.333333333,2.333333333,2.2,3.166666667,6.571428571
2,1,13,0,1,0,12,159,648,60,66,64,72,2,0,0,2,7,6,1,0,1,0,0,17,194,116,88,98,30,146,2,13,0,2,13,11,12,3,0,1,0,7,568,232,75,76,21,96,0,0,0,14,3,1,2,0,0,14,113,267,94,86,55,82,14,0,0,9,7,11,2273,2001,5866,2260,0.9,0.442748092,0.707317073,0.76504298,0.713004484,0.866071429,0.96434635,0.672619048,2023/09/08 3:18:05 da tarde CET,Feminine,24,Student,I do not play video games.,I am not familiar with these games and/or have no formed opinion on them.,C,2,3,2,3,4,D,5,1,1,1,2,I've played with all 4 (four) companions,5,1,1,1,2,A,1,1,5,1,6,B,1,5,1,1,Self Challenger,Self Facilitator,Others' Challenger,Other's Facilitator,Self Facilitator,0.5,3.25,0.25,0,Self Facilitator,0.833333333,1,2,0.166666667,1.4,1.333333333,0.5,1.2,1.666666667,2.5,0.6,3,6
3,3,12,5,0,0,2,830,433,71,80,32,95,1,0,1,1,7,11,3,0,1,0,0,5,658,136,76,97,44,148,0,12,1,2,11,8,12,3,0,4,0,1,539,345,83,84,25,100,0,0,2,13,9,1,3,0,1,2,122,253,85,86,64,125,12,0,0,6,4,9,6642,6279,14334,5905,0.820075758,0.478873239,0.775280899,0.669312169,0.96287703,0.937321937,0.955673759,0.655913978,2023/09/08 3:59:18 da tarde CET,Masculine,26,Student,I play video games occasionally when the opportunity presents itself.,I am not familiar with these games and/or have no formed opinion on them.,D,1,2,3,1,4,B,3,1,1,3,3,C,5,1,3,1,3,I've played with all 4 (four) companions,4,1,1,1,4,A,4,4,4,4,Other's Facilitator,Self Facilitator,Others' Challenger,Self Challenger,Self Challenger,1.25,2.75,1.5,0.5,Self Facilitator,0.166666667,0,2,0.333333333,0,1.833333333,0.333333333,0,2.333333333,0.333333333,0,2.166666667,5.142857143
4,2,12,0,2,0,6,160,684,71,71,38,25,1,0,0,4,5,4,3,0,0,3,0,0,268,130,92,89,29,74,0,13,0,2,15,0,12,4,0,1,0,10,751,353,68,79,26,35,0,1,0,7,0,1,2,0,1,2,112,235,79,84,61,56,14,0,0,4,1,0,5841,13574,4024,6131,0.964739069,0.637254902,0.909793814,0.807560137,0.808080808,0.902356902,0.966537967,0.647398844,2023/09/08 4:44:47 da tarde CET,Masculine,17,Student,I play video games occasionally when the opportunity presents itself.,I played/watched others play them enough to understand I do not appreciate them.,A,1,1,3,1,4,B,1,1,1,2,5,C,4,1,1,1,2,D,2,3,4,1,6,I've played with all 4 (four) companions,3,4,1,1,Self Challenger,Self Facilitator,Others' Challenger,Other's Facilitator,Self Facilitator,1.75,2.5,0,0.25,Self Facilitator,1.833333333,0.2,1,1.333333333,0,2,0.666666667,0.4,1,2.333333333,0.6,1.833333333,5.142857143
5,2,13,1,1,0,8,249,394,71,90,45,45,2,0,1,2,2,11,3,0,3,1,1,1,185,132,87,93,38,147,1,12,4,1,13,7,13,4,1,5,1,1,606,362,94,95,20,85,0,0,1,20,12,1,2,0,3,1,105,217,90,94,62,100,14,0,1,2,2,12,7769,9214,12288,16423,0.897494305,0.47311828,0.8098434,0.684542587,0.846938776,0.829596413,0.968051118,0.628742515,2023/09/11 1:21:06 da tarde CET,Masculine,29,Student,I play video games occasionally when the opportunity presents itself.,I enjoy them and have played/watched others play them multiple times.,C,1,4,4,1,5,D,5,1,1,1,3,I've played with all 4 (four) companions,5,3,1,1,3,A,1,1,5,2,4,B,4,4,4,4,Others' Challenger,Self Facilitator,Other's Facilitator,Self Challenger,Others' Facilitator,2.5,1.5,1.25,1.5,Self Challenger,1.666666667,0.4,2.166666667,0.333333333,0.2,1.166666667,1.166666667,0.4,1.666666667,0.666666667,0.2,1.833333333,5.714285714
6,3,13,1,3,1,3,307,660,79,82,38,53,1,0,0,4,9,9,2,0,1,0,0,2,244,99,90,94,36,143,1,14,4,2,9,8,15,3,1,3,0,0,436,249,83,88,25,60,0,1,5,21,5,1,3,1,0,0,122,266,91,89,66,84,13,0,1,4,5,4,8391,8745,11283,11527,0.925666199,0.409090909,0.805825243,0.76,0.889855072,0.871428571,0.945770065,0.64893617,2023/09/11 3:58:42 da tarde CET,Masculine,22,Student,I play video games occasionally when the opportunity presents itself.,I am not familiar with these games and/or have no formed opinion on them.,D,1,5,1,2,6,I've played with all 4 (four) companions,5,1,1,3,5,A,5,2,3,1,2,B,2,4,4,2,3,C,4,5,3,3,Other's Facilitator,Self Challenger,Others' Challenger,Self Facilitator,Self Facilitator,1.5,3.75,1,1.5,Self Facilitator,2.166666667,1,1.666666667,2.5,1.2,2,0.166666667,2.4,1.5,1.5,1,3,4.857142857
7,2,14,4,0,0,5,369,467,72,69,37,39,1,0,0,2,10,0,2,0,4,5,0,5,234,164,82,94,25,130,1,13,1,0,8,5,13,4,1,3,0,6,380,316,84,87,24,88,0,3,0,12,3,1,2,1,2,7,94,267,88,85,72,95,13,0,2,3,2,1,4730,5034,7105,4237,0.922924901,0.557823129,0.782178218,0.737569061,0.908866995,0.903474903,0.940594059,0.56626506,2023/09/11 4:56:42 da tarde CET,Masculine,26,Student,I make some time in my schedule to play video games.,I enjoy them and have played/watched others play them multiple times.,C,2,4,3,4,6,D,5,2,2,2,5,A,5,1,2,1,2,B,5,2,5,2,4,I've played with all 4 (four) companions,4,4,4,4,Self Challenger,Self Facilitator,Others' Challenger,Other's Facilitator,Others' Facilitator,2.5,1.25,2.5,1.5,Self Challenger,2.666666667,1.8,2.666666667,2.5,1.8,3.333333333,1.5,3.2,2.333333333,1.5,1.4,2,4.857142857
8,2,13,6,1,0,3,451,759,80,80,32,59,1,0,3,1,9,11,1,0,4,1,0,2,177,124,94,93,34,128,2,14,4,1,14,11,15,3,4,1,1,4,488,244,90,92,15,113,0,2,4,21,12,1,3,0,1,3,108,190,90,95,57,92,14,0,0,8,2,9,11417,6587,18703,8169,0.927872861,0.492063492,0.683473389,0.673758865,0.933747412,0.838862559,0.970178926,0.654545455,2023/09/12 11:06:51 da manhã CET,Masculine,24,Student,I play video games occasionally when the opportunity presents itself.,I am not familiar with these games and/or have no formed opinion on them.,C,1,3,3,1,6,I've played with all 4 (four) companions,4,2,4,2,4,D,5,1,2,1,3,B,2,2,5,1,5,A,5,4,4,4,Self Challenger,Self Facilitator,Others' Challenger,Other's Facilitator,Self Challenger,1,3.5,3.5,2.25,Self Facilitator,1.833333333,1,2.333333333,1.666666667,1.2,2.166666667,1.666666667,0.6,2.166666667,2.666666667,1,2.166666667,6.714285714
9,2,13,1,0,0,3,204,695,77,67,38,34,2,0,1,3,7,0,1,0,0,1,0,3,143,139,91,91,39,80,2,13,6,0,7,13,13,3,0,7,0,1,468,306,85,82,19,40,0,0,0,14,12,1,2,0,1,2,111,224,88,91,57,65,15,0,0,5,2,20,5245,5933,11192,6519,0.953360768,0.634703196,0.884393064,0.775086505,0.842975207,0.785714286,0.960985626,0.660714286,2023/09/12 12:10:54 da tarde CET,Masculine,19,Student,I make some time in my schedule to play video games.,I enjoy them and have played/watched others play them multiple times.,C,3,4,3,2,7,B,5,1,2,2,3,D,5,1,3,2,5,A,2,4,4,2,7,I've played with all 4 (four) companions,5,5,5,5,Self Challenger,Self Facilitator,Others' Challenger,Other's Facilitator,Self Challenger,2.25,2,0.25,1.75,Self Challenger,4,1.4,2.166666667,1,1.2,1.333333333,2.5,2.4,1.833333333,3.333333333,1.4,3.166666667,6.714285714
10,3,12,0,0,0,2,477,276,59,71,60,66,1,0,6,2,5,5,2,0,0,2,0,2,173,130,80,87,47,123,2,12,4,0,5,5,14,3,0,1,0,2,454,180,63,82,37,108,0,3,3,4,5,1,3,1,2,2,118,190,84,88,63,91,14,0,0,7,2,4,10891,5319,4714,4718,0.807017544,0.513833992,0.625,0.676156584,0.888268156,0.786363636,0.924643585,0.651933702,2023/09/12 12:52:59 da tarde CET,Masculine,20,Student,I make some time in my schedule to play video games.,I enjoy them and have played/watched others play them multiple times.,B,1,5,2,1,4,I've played with all 4 (four) companions,3,2,5,1,2,C,5,2,2,1,4,D,2,2,5,2,6,A,5,4,4,3,Self Challenger,Self Facilitator,Others' Challenger,Other's Facilitator,Others' Facilitator,1.25,3,0.25,3.25,Other's Facilitator,2,0.2,2.166666667,1.166666667,1.4,2.166666667,1.5,0.6,2,2.833333333,1.2,2,5.142857143
11,3,12,0,0,0,1,947,380,58,50,47,111,0,0,0,1,6,0,2,0,0,1,1,4,569,140,76,80,40,116,2,13,0,0,8,0,13,4,0,0,0,5,232,462,66,64,39,115,0,1,0,11,0,1,2,0,1,17,207,350,64,55,70,118,12,0,0,0,2,3,3293,4306,4293,1950,0.773930754,0.546875,0.800693241,0.747863248,0.952716298,0.934318555,0.856088561,0.747292419,2023/09/12 2:34:29 da tarde CET,Feminine,26,Student;Worker,I do not play video games.,I am not familiar with these games and/or have no formed opinion on them.,B,3,3,3,3,4,I've played with all 4 (four) companions,3,3,1,1,4,C,3,3,3,3,4,D,3,3,3,3,4,A,4,4,4,4,Others' Challenger,Other's Facilitator,Self Facilitator,Self Challenger,Self Facilitator,0.5,0.25,0,0.25,Self Challenger,0,0.4,2.333333333,0.833333333,0.6,1.5,0.5,0,2.166666667,0.333333333,0.2,2.5,7
12,3,13,1,2,0,0,231,427,87,87,31,81,1,0,2,8,12,4,1,0,0,0,0,2,162,95,91,95,39,164,2,13,9,4,6,5,13,3,0,1,2,6,320,323,93,89,22,78,0,2,7,23,6,1,3,0,1,2,118,183,88,88,60,90,13,0,2,7,5,2,12629,5779,10271,6297,0.840551181,0.366795367,0.805486284,0.67032967,0.881679389,0.805970149,0.935672515,0.662921348,2023/09/12 3:14:44 da tarde CET,Masculine,26,Student,I play video games occasionally when the opportunity presents itself.,I am not familiar with these games and/or have no formed opinion on them.,A,1,5,3,2,4,B,5,1,1,5,2,C,5,3,1,1,1,D,2,3,5,1,6,I've played with all 4 (four) companions,1,5,1,5,Self Facilitator,Self Challenger,Others' Challenger,Other's Facilitator,Others' Facilitator,1,6.5,0.25,3.75,Self Facilitator,2.166666667,0.6,2,0.5,0.2,1,0.166666667,0.4,3,3.166666667,1.2,2.666666667,6.285714286
13,2,13,1,3,0,3,236,324,76,86,47,92,1,0,3,4,7,15,1,0,1,1,0,2,181,112,89,97,36,162,2,13,3,2,7,9,14,3,1,3,0,3,471,373,84,88,24,91,0,1,4,19,5,1,3,0,4,3,108,227,79,90,66,102,13,0,0,3,0,10,8798,7570,11402,5688,0.778846154,0.408759124,0.80387931,0.689969605,0.833922261,0.834101382,0.951515152,0.620689655,2023/09/12 3:49:02 da tarde CET,Masculine,20,Student,I make some time in my schedule to play video games.,I enjoy them and have played/watched others play them multiple times.,A,2,4,3,3,5,B,4,2,3,4,2,C,5,2,1,1,3,D,2,3,5,1,5,I've played with all 4 (four) companions,5,5,2,4,Self Facilitator,Self Challenger,Others' Challenger,Other's Facilitator,Self Facilitator,2.75,3.25,0.75,1.75,Self Facilitator,2.333333333,0.8,1.833333333,0,1.6,1.5,1.333333333,1,1.333333333,2,0.6,1.833333333,5.714285714
14,2,13,0,0,0,3,303,458,82,82,34,85,1,0,2,10,10,0,1,0,0,0,0,3,152,111,90,93,45,158,2,13,9,3,7,0,13,4,1,0,2,10,282,362,89,88,20,100,0,0,5,22,1,1,2,0,0,5,102,214,94,92,55,112,14,0,2,6,2,1,4657,4591,8314,3117,0.843462247,0.412639405,0.783549784,0.656441718,0.899109792,0.771573604,0.933774834,0.649681529,2023/09/12 4:23:31 da tarde CET,Feminine,21,Student,I play video games occasionally when the opportunity presents itself.,I am not familiar with these games and/or have no formed opinion on them.,A,1,2,1,4,4,B,5,1,1,2,3,C,4,2,2,1,2,D,2,4,5,1,7,I've played with all 4 (four) companions,2,5,1,4,Self Challenger,Self Facilitator,Others' Challenger,Other's Facilitator,Others' Facilitator,0,6,0.25,3.25,Self Facilitator,0.5,1,1,0.833333333,0.6,1.333333333,0,1,1.5,3.666666667,0.6,3.5,7
15,3,12,2,5,0,1,339,591,68,63,48,70,1,0,1,0,6,4,3,0,0,1,0,1,1103,97,68,85,51,161,0,13,3,3,3,0,14,4,1,2,1,3,795,482,71,71,20,109,0,0,1,12,4,1,2,1,2,1,100,291,71,69,67,118,12,0,1,3,2,1,6648,3680,5628,3250,0.894099849,0.375968992,0.815566836,0.711491443,0.875968992,0.955805893,0.975460123,0.598802395,2023/09/12 5:07:42 da tarde CET,Masculine,23,Student,I play video games occasionally when the opportunity presents itself.,I am not familiar with these games and/or have no formed opinion on them.,C,1,4,3,1,5,B,4,4,2,1,3,D,1,4,2,1,4,A,1,3,4,2,6,I've played with all 4 (four) companions,3,4,3,5,Self Challenger,Other's Facilitator,Self Facilitator,Others' Challenger,Others' Facilitator,2.5,1.75,1,1.25,Self Challenger,1.166666667,0.8,2.166666667,0.5,1,1.666666667,0.5,0.4,1.666666667,2.833333333,0.8,2.333333333,4.714285714
16,2,12,9,2,0,6,542,401,85,93,28,73,1,0,0,0,15,14,3,0,1,2,1,2,218,152,91,91,38,129,1,13,6,0,8,12,12,4,0,7,0,9,497,515,92,88,15,44,0,0,3,19,15,1,2,1,6,3,114,283,89,92,61,51,14,0,1,3,4,11,8186,10111,9200,8176,0.845991561,0.540925267,0.921288014,0.847305389,0.950877193,0.8515625,0.970703125,0.651428571,2023/09/12 5:40:19 da tarde CET,Masculine,20,Student,I make some time in my schedule to play video games.,I enjoy them and have played/watched others play them multiple times.,A,1,5,5,1,4,B,5,1,1,4,3,C,5,2,1,1,2,D,4,1,4,1,6,I've played with all 4 (four) companions,5,4,3,4,Self Challenger,Self Facilitator,Others' Challenger,Other's Facilitator,Self Challenger,4.25,1.5,2.75,1.75,Self Challenger,2.333333333,1.4,2.333333333,0.333333333,3,2.5,0,2.6,2.166666667,3.333333333,1,2.333333333,6.142857143
17,3,12,5,4,0,4,468,673,81,80,33,59,0,0,1,2,9,6,2,0,0,2,0,5,178,146,95,94,42,100,2,13,6,3,10,4,14,3,2,6,0,2,445,655,83,81,23,65,0,2,1,10,6,1,3,2,5,3,111,333,90,87,68,86,14,0,2,4,3,8,10132,4607,8656,6904,0.919398907,0.593495935,0.909722222,0.794749403,0.934131737,0.809090909,0.950854701,0.620111732,2023/09/13 11:37:21 da manhã CET,Masculine,22,Student,I make some time in my schedule to play video games.,I am not familiar with these games and/or have no formed opinion on them.,D,1,5,5,1,7,I've played with all 4 (four) companions,5,1,1,3,4,A,5,3,1,1,7,B,1,2,4,3,4,C,5,2,4,5,Self Facilitator,Self Challenger,Other's Facilitator,Others' Challenger,Self Facilitator,4.25,2.5,2.25,2.75,Self Challenger,2.333333333,1,3.333333333,1.666666667,0.8,2.666666667,2.333333333,1.6,3.333333333,2.166666667,1.2,2.833333333,6.428571429
18,3,14,4,3,0,1,486,351,71,91,28,36,0,0,1,4,7,10,1,0,3,3,0,0,221,136,92,96,40,92,2,13,3,2,15,11,13,4,1,7,1,0,303,255,87,93,18,49,0,3,3,17,19,1,3,0,3,1,88,253,81,95,85,65,14,0,8,2,3,22,10832,14335,12187,7591,0.906976744,0.596491228,0.838815789,0.795597484,0.945525292,0.846743295,0.943925234,0.50867052,2023/09/13 12:15:58 da tarde CET,Masculine,21,Student,I make some time in my schedule to play video games.,I enjoy them and have played/watched others play them multiple times.,C,1,4,2,1,6,B,5,1,2,3,7,D,5,3,1,1,6,A,4,2,4,1,7,I've played with all 4 (four) companions,4,5,4,5,Self Challenger,Self Facilitator,Others' Challenger,Other's Facilitator,Others' Facilitator,4,2.75,2,3.75,Self Challenger,3.166666667,2.2,3.166666667,3,1.6,3.666666667,2.833333333,2,3.666666667,3.5,1.6,4,6.571428571
19,1,12,1,0,0,1,252,1240,87,67,43,70,2,0,1,1,14,0,2,0,0,0,0,1,198,133,92,94,33,160,2,13,0,0,16,0,13,4,1,0,1,4,571,268,79,81,18,80,0,0,0,14,0,1,2,1,0,1,284,198,61,76,91,80,14,0,1,2,1,0,6366,13299,13950,3022,0.946564885,0.453924915,0.770114943,0.712230216,0.854237288,0.857142857,0.969439728,0.757333333,2023/09/13 1:30:14 da tarde CET,Masculine,25,Student,I play video games occasionally when the opportunity presents itself.,I enjoy them and have played/watched others play them multiple times.,A,3,2,3,3,3,B,4,1,1,3,2,C,5,1,2,1,2,D,1,2,5,1,6,I've played with all 4 (four) companions,1,5,1,2,Self Facilitator,Self Challenger,Others' Challenger,Other's Facilitator,Self Facilitator,0,0.75,0.75,0.5,Self Facilitator,0.5,0,1.333333333,0.166666667,0.4,1,0,1.2,1.166666667,1.333333333,0.4,1.833333333,4.285714286
20,2,13,1,4,0,14,425,870,70,75,38,124,0,1,0,4,11,15,2,1,2,1,0,9,240,132,85,86,34,188,1,13,2,5,10,14,14,2,0,0,0,7,1016,276,79,77,23,117,1,0,1,14,8,0,3,0,0,13,116,341,89,87,63,149,13,1,0,3,6,13,3236,3578,6724,2997,0.875251509,0.4125,0.702290076,0.695918367,0.917926566,0.875912409,0.97786333,0.648044693,2023/09/13 2:27:28 da tarde CET,Feminine,18,Student,I make some time in my schedule to play video games.,I played/watched others play them enough to understand I do not appreciate them.,B,3,4,1,2,4,C,5,1,2,1,3,A,5,1,1,1,3,D,4,4,4,4,6,I've played with all 4 (four) companions,4,4,4,4,Self Challenger,Self Facilitator,Others' Challenger,Other's Facilitator,Others' Facilitator,1.25,3.25,0.75,0.5,Self Facilitator,1.666666667,0.8,1.666666667,0.666666667,0.4,1.333333333,0.833333333,1,2,2.5,1.2,3.333333333,5.857142857
21,1,13,1,0,1,16,476,253,83,87,47,134,1,1,1,7,9,6,3,1,1,0,0,15,257,121,94,93,38,164,0,12,4,4,15,8,14,2,0,0,0,10,586,273,81,87,28,143,1,1,5,22,5,0,3,2,1,17,105,400,91,84,65,118,14,0,1,8,4,0,3972,2696,4320,1844,0.65374677,0.424561404,0.65625,0.772200772,0.910133843,0.871186441,0.954397394,0.617647059,2023/09/13 3:01:43 da tarde CET,Feminine,18,Student,I make some time in my schedule to play video games.,I am not familiar with these games and/or have no formed opinion on them.,B,4,4,4,4,7,I've played with all 4 (four) companions,4,3,4,4,7,D,3,5,4,1,3,A,4,5,3,4,7,C,5,5,4,4,Other's Facilitator,Self Facilitator,Self Challenger,Others' Challenger,Others' Facilitator,0.25,6,1,1.75,Self Facilitator,3.166666667,0,1.166666667,3.333333333,1.2,2,0.166666667,0.2,1.166666667,3.5,1.6,2.666666667,7
22,0,13,6,5,0,0,192,1083,87,66,36,59,2,1,1,0,10,0,1,1,4,4,0,0,257,146,74,92,43,116,1,13,2,1,8,2,12,2,0,7,0,1,339,483,88,78,24,66,2,1,0,18,1,0,3,7,3,0,124,434,88,81,48,77,14,0,0,1,7,1,8714,12527,15138,8304,0.948336252,0.557251908,0.879781421,0.849315068,0.842105263,0.856666667,0.933884298,0.720930233,2023/09/13 3:40:23 da tarde CET,Masculine,22,Student,I play video games occasionally when the opportunity presents itself.,I enjoy them and have played/watched others play them multiple times.,A,1,3,1,1,5,B,4,1,1,4,6,C,4,1,4,2,6,D,1,4,4,3,4,I've played with all 4 (four) companions,2,3,1,2,Self Challenger,Others' Challenger,Other's Facilitator,Self Facilitator,Self Challenger,4.75,0.5,4.25,1,Self Challenger,1.833333333,1,1.333333333,0.833333333,1.4,1.666666667,1.666666667,1.4,1.333333333,0.5,1,1,4.428571429
23,1,12,0,6,0,5,314,515,80,84,39,37,1,1,0,8,6,17,1,1,0,3,0,3,224,119,88,95,40,75,1,14,7,3,7,13,15,1,0,2,0,3,826,153,83,91,20,53,2,2,9,12,13,0,3,0,0,4,94,203,90,95,77,43,14,0,2,12,3,15,8458,4434,5374,3930,0.932971014,0.613402062,0.742718447,0.825203252,0.889518414,0.848484848,0.976359338,0.549707602,2023/09/13 4:30:19 da tarde CET,Masculine,21,Student,I play video games occasionally when the opportunity presents itself.,I enjoy them and have played/watched others play them multiple times.,D,4,2,3,4,4,B,3,2,3,2,5,I've played with all 4 (four) companions,2,1,5,1,5,A,1,5,5,1,3,C,4,5,2,4,Self Challenger,Other's Facilitator,Self Facilitator,Others' Challenger,Self Facilitator,2.75,8,0,2.75,Self Facilitator,1.833333333,0.8,2,2.5,0.6,2.166666667,2.666666667,1.4,2.166666667,2.166666667,2.2,2.333333333,6.285714286
24,0,13,2,4,0,31,183,871,70,73,45,53,2,1,0,3,8,6,2,1,2,0,0,21,232,156,89,88,39,107,0,12,4,0,14,8,13,4,0,0,1,24,268,316,83,80,25,68,0,2,3,20,6,0,3,0,0,28,106,460,85,80,74,69,13,1,2,4,5,5,705,1495,1552,946,0.942640693,0.593155894,0.822916667,0.869565217,0.802631579,0.856088561,0.914675768,0.588888889,2023/09/13 5:38:11 da tarde CET,Feminine,22,Student,I play video games occasionally when the opportunity presents itself.,I am not familiar with these games and/or have no formed opinion on them.,C,1,4,2,2,6,D,4,2,1,3,6,A,4,2,4,2,6,B,2,2,5,1,7,I've played with all 4 (four) companions,3,4,3,4,Self Challenger,Others' Challenger,Self Facilitator,Other's Facilitator,Self Facilitator,1,2.5,1,2,Self Facilitator,2,0.8,1.166666667,3,1.2,3,1.666666667,0.6,1.5,3.333333333,1.2,2.333333333,6
25,1,14,3,8,0,1,328,724,85,85,32,41,1,1,0,4,12,17,1,1,7,4,2,3,1268,162,86,97,29,118,1,12,0,2,17,17,14,3,4,10,0,1,426,465,87,94,19,63,0,0,0,19,18,0,2,3,11,1,106,598,85,88,66,43,15,1,0,0,0,8,13713,7746,15038,14595,0.946405229,0.578571429,0.880681818,0.932917317,0.911111111,0.977640709,0.957303371,0.61627907,2023/09/14 11:28:28 da manhã CET,Masculine,22,Student,I play video games occasionally when the opportunity presents itself.,I enjoy them and have played/watched others play them multiple times.,C,1,5,4,1,7,D,5,1,1,2,2,A,3,2,1,1,6,B,1,1,5,1,1,I've played with all 4 (four) companions,5,3,5,3,Self Facilitator,Self Challenger,Other's Facilitator,Others' Challenger,Self Facilitator,8.25,1.5,4.25,0,Self Challenger,2.666666667,0.6,1.5,0.833333333,0.4,0.5,2.666666667,0.4,1.5,0,1.6,0.333333333,7
26,0,12,2,0,0,3,183,805,77,70,39,33,3,1,1,8,6,0,2,1,2,1,0,1,180,124,84,98,38,129,1,13,7,1,8,0,14,1,0,2,0,1,422,198,83,91,22,75,2,6,2,12,0,0,3,0,0,0,111,170,92,89,63,100,13,1,2,6,5,0,4682,8323,8570,7841,0.960620525,0.490118577,0.725274725,0.62962963,0.824324324,0.825688073,0.95045045,0.637931034,2023/09/14 12:00:01 da tarde CET,Masculine,20,Student,I make some time in my schedule to play video games.,I enjoy them and have played/watched others play them multiple times.,C,3,4,2,1,6,B,4,2,1,2,6,D,5,1,2,2,3,A,1,4,3,2,6,I've played with all 4 (four) companions,4,5,4,5,Self Challenger,Self Facilitator,Others' Challenger,Other's Facilitator,Others' Facilitator,0.75,4.25,1,4,Self Facilitator,1.833333333,1,2.333333333,2.666666667,1.4,2.833333333,0.666666667,1.6,1.166666667,3.166666667,1.2,3.5,6.142857143
27,0,13,2,0,0,29,187,859,60,71,57,41,2,1,0,0,6,0,2,1,0,1,0,25,200,146,83,87,47,136,1,12,4,1,17,1,13,3,3,1,1,28,321,349,81,81,25,68,1,2,1,19,0,0,2,0,0,27,757,182,57,85,97,66,12,1,4,2,5,0,737,805,1933,468,0.954444444,0.517730496,0.836930456,0.733870968,0.766393443,0.809716599,0.927745665,0.886416862,2023/09/14 12:40:49 da tarde CET,Feminine,21,Student,I play video games occasionally when the opportunity presents itself.,I enjoy them and have played/watched others play them multiple times.,C,4,3,2,3,7,B,2,2,1,1,3,D,4,4,4,2,6,A,4,4,3,2,7,I've played with all 4 (four) companions,4,4,4,4,Self Facilitator,Others' Challenger,Self Challenger,Other's Facilitator,Self Facilitator,0.5,1,1.25,2.5,Other's Facilitator,3,1.8,2.166666667,0.833333333,1.2,2.166666667,2.333333333,1.2,1.5,3.5,2.6,2.833333333,6
28,1,13,0,1,0,2,198,408,85,85,48,29,1,1,1,9,11,11,1,1,0,1,0,7,171,102,85,90,40,23,2,14,6,5,5,9,14,2,0,5,0,1,463,848,83,75,16,16,1,1,6,14,6,0,3,0,0,2,91,268,84,79,74,17,14,0,3,7,2,7,6250,3408,7211,4628,0.933638444,0.816,0.981481481,0.940350877,0.804878049,0.81042654,0.966597077,0.551515152,2023/09/14 1:56:36 da tarde CET,Masculine,17,Student,I make some time in my schedule to play video games.,I enjoy them and have played/watched others play them multiple times.,D,1,5,5,1,4,C,5,1,1,4,4,A,4,3,3,4,6,I've played with all 4 (four) companions,2,2,4,5,5,B,2,5,1,4,Self Challenger,Self Facilitator,Other's Facilitator,Others' Challenger,Self Facilitator,1.75,6.75,0,2.75,Self Facilitator,1,1.6,1.666666667,0.5,1.8,1.166666667,2.166666667,1.6,2.833333333,2,1.2,1.5,6.285714286
29,2,14,0,3,0,8,398,392,78,87,29,115,0,1,0,4,8,9,0,1,4,1,0,4,245,180,87,94,35,152,2,13,0,0,11,3,14,2,4,0,0,3,549,230,84,90,17,115,1,0,0,18,7,0,3,7,0,5,160,277,83,89,53,115,14,0,2,1,5,7,5173,7510,9914,6363,0.773175542,0.542168675,0.666666667,0.706632653,0.932084309,0.875,0.969964664,0.751173709,2023/09/14 2:34:12 da tarde CET,Masculine,19,Student,I make some time in my schedule to play video games.,I enjoy them and have played/watched others play them multiple times.,C,1,4,4,1,5,B,4,1,1,4,6,I've played with all 4 (four) companions,1,1,4,4,5,D,1,4,4,1,5,A,5,2,5,2,Self Challenger,Other's Facilitator,Self Facilitator,Others' Challenger,Self Challenger,1,1.25,3.75,0.5,Others' Challenger,1.333333333,1,3,1.333333333,1.2,2.833333333,0.833333333,0.8,2.333333333,1.833333333,0.4,3.166666667,6.428571429
30,0,13,1,5,0,6,207,854,76,80,55,33,2,1,2,1,3,10,0,1,2,6,0,4,209,235,91,94,40,59,3,14,3,3,9,14,14,3,3,3,0,3,494,386,68,81,23,17,0,1,0,9,8,0,4,1,4,3,127,649,79,83,70,22,13,0,0,2,5,12,3646,5992,6883,5275,0.962795941,0.799319728,0.957816377,0.967213115,0.790076336,0.83935743,0.955512573,0.644670051,2023/09/14 4:27:00 da tarde CET,Masculine,19,Student,I play video games occasionally when the opportunity presents itself.,I enjoy them and have played/watched others play them multiple times.,D,1,4,3,1,7,I've played with all 4 (four) companions,4,1,1,3,6,A,5,1,2,2,1,B,1,1,4,2,3,C,5,2,3,3,Self Challenger,Self Facilitator,Others' Challenger,Other's Facilitator,Self Challenger,4.5,1.5,1.75,1.5,Self Challenger,0.5,0,1.666666667,0.333333333,0,1.666666667,0,0.8,1.5,0,0,2.666666667,6.428571429
31,2,13,5,3,0,2,390,428,85,88,29,85,1,1,2,1,10,14,0,1,3,1,3,29,212,45,92,25,31,58,2,12,0,0,20,4,13,2,0,6,0,2,442,308,87,94,27,86,1,4,1,14,13,0,3,0,4,3,116,292,88,92,60,94,14,1,2,5,4,15,8126,769,10163,7303,0.834307992,0.436893204,0.781725888,0.756476684,0.930787589,0.872427984,0.942430704,0.659090909,2023/09/14 5:09:55 da tarde CET,Masculine,22,Student,I make some time in my schedule to play video games.,I played/watched others play them enough to understand I do not appreciate them.,B,4,4,4,3,5,C,2,1,4,3,5,A,5,2,3,1,4,D,2,2,4,3,6,I've played with all 4 (four) companions,4,5,4,4,Self Challenger,Self Facilitator,Others' Challenger,Other's Facilitator,Others' Challenger,3.5,1.75,2,2,Self Challenger,0.666666667,0,1.833333333,1.166666667,0.2,1.666666667,0.833333333,0,1.166666667,1.166666667,0,3,6.285714286
32,0,12,2,0,0,4,162,229,89,94,36,76,2,1,5,6,12,22,2,1,1,1,0,0,168,119,95,100,38,102,0,13,8,3,12,17,14,3,0,1,0,3,291,196,89,98,24,86,0,7,5,22,12,0,2,1,1,3,92,169,92,98,64,81,14,1,5,6,2,19,5641,14519,10444,5896,0.750819672,0.538461538,0.695035461,0.676,0.818181818,0.815533981,0.923809524,0.58974359,2023/09/14 5:41:14 da tarde CET,Masculine,20,Student,I make some time in my schedule to play video games.,I enjoy them and have played/watched others play them multiple times.,A,2,3,4,2,4,D,3,1,3,3,2,C,5,3,2,1,3,I've played with all 4 (four) companions,2,2,5,3,6,B,2,5,3,4,Self Facilitator,Self Challenger,Others' Challenger,Other's Facilitator,Others' Facilitator,0.75,5,1,6.25,Other's Facilitator,1.166666667,1.4,1.5,0.333333333,1,1.666666667,1.333333333,1.6,1.666666667,3,1.4,3.166666667,6.285714286
33,0,12,0,3,0,1,228,701,73,81,58,116,3,1,2,6,3,7,2,1,0,0,0,1,202,116,80,88,45,175,1,13,4,8,5,3,13,2,0,4,1,0,384,294,83,84,21,129,1,3,5,13,8,0,2,1,1,3,94,185,78,95,82,129,13,1,3,5,0,4,7398,4502,8184,4380,0.858017136,0.39862543,0.695035461,0.589171975,0.797202797,0.817813765,0.948148148,0.534090909,2023/09/15 11:19:00 da manhã CET,Masculine,19,Student,I make some time in my schedule to play video games.,I enjoy them and have played/watched others play them multiple times.,C,3,5,2,2,6,B,5,2,5,2,7,D,4,2,2,3,5,A,2,2,5,1,5,I've played with all 4 (four) companions,4,5,4,5,Self Challenger,Self Facilitator,Others' Challenger,Other's Facilitator,Others' Facilitator,2,6,0.25,3,Self Facilitator,2.5,1.6,2.333333333,3,2,2.833333333,3,2,2.666666667,2.666666667,2,2.5,6.714285714
34,1,11,2,3,0,7,235,661,78,66,38,99,1,1,1,4,12,0,1,1,0,2,1,9,180,128,95,95,44,127,1,13,5,1,11,8,15,3,2,1,0,9,373,245,79,83,26,86,0,2,4,17,5,0,3,1,1,15,107,271,94,90,60,90,14,0,1,4,6,6,4590,4849,7070,1418,0.869736842,0.501960784,0.740181269,0.750692521,0.860805861,0.803571429,0.934837093,0.640718563,2023/09/15 11:58:10 da manhã CET,Masculine,22,Student;Worker,I make some time in my schedule to play video games.,I am not familiar with these games and/or have no formed opinion on them.,C,1,4,4,1,3,B,5,1,1,5,2,D,5,1,1,1,4,A,2,4,4,2,5,I've played with all 4 (four) companions,3,5,3,4,Self Facilitator,Self Challenger,Others' Challenger,Other's Facilitator,Others' Facilitator,1.75,3.25,1.25,2.25,Self Facilitator,0.666666667,1,1.5,1.5,2.2,3.166666667,0.666666667,1,2,2,1.2,2.166666667,4.714285714
35,1,13,7,0,0,6,552,520,73,64,30,41,2,1,0,6,10,1,1,1,0,2,0,3,158,90,93,94,44,126,2,14,5,8,9,15,14,3,3,7,0,2,569,320,78,88,29,79,0,3,3,13,9,0,1,0,1,1,94,130,86,93,82,138,13,3,4,10,3,12,3180,4138,12766,3988,0.926916221,0.416666667,0.802005013,0.485074627,0.948453608,0.782178218,0.951505017,0.534090909,2023/09/15 12:54:25 da tarde CET,Masculine,20,Student,I make some time in my schedule to play video games.,I enjoy them and have played/watched others play them multiple times.,C,1,5,2,1,4,D,5,1,2,2,6,I've played with all 4 (four) companions,5,1,2,3,5,A,1,3,5,1,3,B,4,5,2,4,Self Challenger,Self Facilitator,Others' Challenger,Other's Facilitator,Self Challenger,2.5,6.75,2.5,3,Self Facilitator,1.333333333,0.8,2.333333333,2.333333333,0.4,3.333333333,1.166666667,0.8,2.166666667,1,1,2.166666667,5
36,1,14,0,2,0,6,188,296,87,94,35,57,1,1,2,5,11,14,0,1,3,3,1,2,193,157,95,97,41,114,2,12,5,0,13,16,13,3,1,3,1,4,282,195,84,93,22,86,0,1,6,20,15,0,1,1,5,5,108,190,98,94,67,85,14,2,2,5,7,11,6448,7543,7349,5651,0.838526912,0.579335793,0.693950178,0.690909091,0.843049327,0.824786325,0.927631579,0.617142857,2023/09/15 2:38:45 da tarde CET,Masculine,18,Student,I make some time in my schedule to play video games.,I played/watched others play them enough to understand I do not appreciate them.,C,2,5,3,2,6,D,3,2,5,1,6,A,5,3,2,2,4,B,3,3,4,3,7,I've played with all 4 (four) companions,3,5,4,5,Self Challenger,Self Facilitator,Others' Challenger,Other's Facilitator,Self Facilitator,3.25,4,1.25,2.5,Self Facilitator,2.5,0.2,0.666666667,2.833333333,1.4,2,1.5,1.2,1.5,3.5,1,3,3.857142857
37,1,13,1,2,0,9,249,364,83,89,41,56,1,1,2,4,9,11,2,1,4,0,0,5,313,115,93,97,23,118,0,13,1,5,20,3,14,3,1,1,0,3,535,276,89,91,23,86,0,0,6,18,7,0,3,3,1,12,120,274,87,90,53,80,14,1,0,4,4,6,6465,9046,14891,4086,0.866666667,0.493562232,0.762430939,0.774011299,0.85862069,0.931547619,0.958781362,0.693641618,2023/09/15 3:40:36 da tarde CET,Masculine,18,Student,I play video games occasionally when the opportunity presents itself.,I enjoy them and have played/watched others play them multiple times.,C,1,5,3,1,6,D,3,1,4,1,6,A,4,3,3,3,5,B,2,3,4,2,6,I've played with all 4 (four) companions,3,5,3,4,Self Challenger,Others' Challenger,Self Facilitator,Other's Facilitator,Self Facilitator,1,4.75,2.25,0.75,Self Facilitator,1.5,1.4,1.166666667,1.666666667,1.2,2.5,2.166666667,0.6,2.333333333,2,0.6,2,5.857142857
38,1,12,3,1,0,10,303,449,80,77,50,68,1,1,0,2,14,8,1,1,1,0,0,12,165,94,89,90,42,112,2,14,6,6,9,12,12,1,1,2,0,8,287,427,81,73,25,69,2,0,4,22,7,0,1,0,0,13,117,169,93,76,67,86,14,2,3,7,6,7,4494,2249,4118,1098,0.868471954,0.45631068,0.860887097,0.662745098,0.858356941,0.797101449,0.919871795,0.635869565,2023/09/15 4:17:05 da tarde CET,Feminine,21,Student,I play video games occasionally when the opportunity presents itself.,I am not familiar with these games and/or have no formed opinion on them.,D,1,5,1,1,3,C,5,1,2,2,3,I've played with all 4 (four) companions,5,1,2,1,2,B,1,2,4,2,5,A,2,5,3,4,Self Challenger,Self Facilitator,Others' Challenger,Other's Facilitator,Self Facilitator,0.75,4.75,1.25,2.25,Self Facilitator,0.833333333,0.2,0.5,0.166666667,0.4,0.333333333,0,0.4,0.5,1.5,0,2,4.285714286
39,2,13,8,2,0,1,222,1609,85,41,28,7,0,1,1,5,11,4,1,1,3,1,0,1,196,103,87,90,30,64,1,14,4,4,16,6,13,1,2,4,0,3,306,287,82,84,24,48,2,2,3,17,13,0,2,2,0,1,98,130,76,78,76,64,14,1,2,10,2,5,8048,6751,8395,4054,0.995668317,0.616766467,0.856716418,0.670103093,0.888,0.867256637,0.927272727,0.563218391,2023/09/15 5:13:43 da tarde CET,Masculine,19,Student,I make some time in my schedule to play video games.,I played/watched others play them enough to understand I do not appreciate them.,A,2,3,4,2,3,B,4,1,4,1,7,C,5,1,1,1,2,D,1,2,5,1,7,I've played with all 4 (four) companions,3,3,3,3,Self Challenger,Self Facilitator,Others' Challenger,Other's Facilitator,Others' Challenger,1.75,5.5,3.75,2.25,Self Facilitator,1,1.6,2,4,1.2,3.833333333,0.5,2.2,2.833333333,3.666666667,0,2.333333333,7
40,2,12,4,0,0,18,669,1007,81,82,34,84,0,1,0,3,13,5,1,1,2,1,0,8,340,137,84,92,34,136,2,13,1,0,10,3,13,3,1,0,0,12,308,306,92,91,25,91,0,2,4,19,6,0,3,0,2,12,101,372,94,88,60,91,14,0,1,3,6,5,2457,5596,5444,2425,0.923006416,0.501831502,0.770780856,0.803455724,0.951635846,0.909090909,0.924924925,0.627329193,2023/09/19 11:57:57 da manhã CET,Masculine,18,Student,I play video games occasionally when the opportunity presents itself.,I played/watched others play them enough to understand I do not appreciate them.,D,1,4,3,1,1,I've played with all 4 (four) companions,2,3,2,1,1,A,4,3,3,4,6,B,3,4,3,2,4,C,1,4,3,5,Self Challenger,Others' Challenger,Self Facilitator,Other's Facilitator,Others' Facilitator,0.75,2.5,1.75,1,Self Facilitator,0,1.4,0.833333333,0.5,1.4,1.166666667,1.833333333,0.4,2.166666667,2.833333333,0.2,0.833333333,6
41,2,13,0,0,0,12,719,356,57,61,57,62,0,1,0,1,4,2,1,1,0,3,0,9,253,148,86,85,60,152,1,13,2,1,9,5,13,1,1,2,0,6,870,216,64,74,31,99,2,0,4,10,2,0,3,0,0,10,106,200,80,88,74,91,13,1,0,6,5,6,2458,2613,3779,1708,0.851674641,0.493333333,0.685714286,0.687285223,0.926546392,0.808306709,0.965593785,0.588888889,2023/09/19 12:33:30 da tarde CET,Masculine,18,Student,I play video games occasionally when the opportunity presents itself.,I am not familiar with these games and/or have no formed opinion on them.,C,2,1,3,5,6,D,4,3,1,2,6,A,5,5,1,1,3,B,1,1,4,3,4,I've played with all 4 (four) companions,4,4,3,3,Self Facilitator,Other's Facilitator,Others' Challenger,Self Challenger,Self Facilitator,1.25,3,0.25,0.5,Self Facilitator,2.666666667,1.8,2,3.166666667,1.2,3.5,1.333333333,1.8,2.333333333,1.166666667,2.2,2.166666667,6.714285714
42,0,13,2,0,0,5,219,245,89,93,40,94,2,1,3,7,12,11,2,1,0,1,0,4,181,117,92,94,43,159,0,13,7,4,10,9,13,4,1,0,1,8,273,217,92,97,19,98,0,4,6,21,12,0,3,1,3,10,117,304,94,94,58,86,13,1,2,4,3,10,6747,5151,6542,4010,0.722713864,0.423913043,0.688888889,0.779487179,0.845559846,0.808035714,0.934931507,0.668571429,2023/09/19 2:52:40 da tarde CET,Masculine,17,Student,I play video games occasionally when the opportunity presents itself.,I enjoy them and have played/watched others play them multiple times.,B,3,4,3,2,5,C,3,2,2,3,2,A,5,1,1,1,2,D,4,1,5,1,7,I've played with all 4 (four) companions,2,5,4,5,Self Facilitator,Self Challenger,Others' Challenger,Other's Facilitator,Self Facilitator,1,5.25,1,4,Self Facilitator,2.666666667,1,2.5,0.166666667,1.4,1.5,0,2.4,2,3.666666667,1,3.5,5.571428571
43,1,11,2,0,0,6,341,587,79,72,40,50,0,1,1,0,14,1,3,1,0,0,0,5,249,154,87,83,30,87,0,13,4,1,9,0,13,3,1,0,0,7,571,370,78,67,33,69,0,2,0,11,1,0,4,1,0,13,104,620,86,63,67,36,13,0,1,1,1,2,7450,4515,4748,2101,0.921507064,0.639004149,0.842824601,0.945121951,0.895013123,0.892473118,0.945364238,0.608187135,2023/09/19 3:59:59 da tarde CET,Masculine,18,Student,I play video games occasionally when the opportunity presents itself.,I am not familiar with these games and/or have no formed opinion on them.,B,1,5,2,2,3,I've played with all 4 (four) companions,4,2,3,2,5,D,5,1,5,4,4,A,1,1,5,1,6,C,1,5,2,5,Self Challenger,Self Facilitator,Others' Challenger,Other's Facilitator,Others' Facilitator,0,0.5,1,2,Other's Facilitator,0,1,1.5,1.666666667,0.4,0.666666667,0,2,3.166666667,2.833333333,1,2.166666667,4.571428571
44,0,13,0,2,0,2,198,396,86,87,43,82,2,1,1,7,10,14,0,1,0,2,0,1,252,109,91,95,33,140,2,12,0,6,11,11,13,4,0,1,2,1,402,248,90,87,21,95,0,0,2,19,8,0,2,0,0,1,111,158,87,90,65,126,14,1,1,8,4,11,8311,5728,9094,6588,0.828451883,0.437751004,0.72303207,0.556338028,0.821576763,0.884210526,0.95035461,0.630681818,2023/09/19 4:48:24 da tarde CET,Masculine,17,Student,I play video games occasionally when the opportunity presents itself.,I enjoy them and have played/watched others play them multiple times.,A,4,4,3,3,5,C,5,1,2,3,3,D,5,1,2,1,1,B,1,1,5,2,6,I've played with all 4 (four) companions,2,5,2,5,Self Challenger,Self Facilitator,Others' Challenger,Other's Facilitator,Others' Facilitator,1.25,5.75,0,0.5,Self Facilitator,2.5,1,3.333333333,1.166666667,1.2,2.833333333,0,1.8,2.5,2.833333333,1.2,2.5,7
45,1,12,1,0,0,2,212,254,71,84,37,101,1,1,1,6,7,6,1,1,1,0,0,1,252,118,79,94,55,130,1,13,7,4,5,9,13,3,0,1,0,6,425,226,78,90,30,99,0,4,5,15,13,0,2,1,0,0,106,161,90,92,61,104,14,1,1,9,2,15,5869,5964,5358,5356,0.715492958,0.475806452,0.695384615,0.60754717,0.851405622,0.820846906,0.934065934,0.634730539,2023/09/20 12:35:55 da tarde CET,Masculine,18,Student,I play video games occasionally when the opportunity presents itself.,I am not familiar with these games and/or have no formed opinion on them.,C,2,5,2,1,2,D,4,1,3,1,5,I've played with all 4 (four) companions,4,2,3,2,5,A,1,2,5,2,7,B,1,5,1,5,Self Challenger,Self Facilitator,Others' Challenger,Other's Facilitator,Self Facilitator,0.25,6,0.75,3.25,Self Facilitator,1,1.6,1.833333333,2.166666667,1.4,1.666666667,2.5,1,2,3.166666667,1,3.166666667,5.428571429
46,1,13,5,4,0,4,190,466,93,86,29,44,2,1,4,2,9,5,0,1,3,1,0,0,197,121,89,98,42,103,2,11,4,3,12,2,15,1,0,6,0,2,274,677,85,78,25,55,2,3,3,18,4,0,4,1,7,4,93,418,84,85,71,44,14,0,3,0,1,8,11042,15704,8577,6665,0.91372549,0.540178571,0.924863388,0.904761905,0.867579909,0.824267782,0.91638796,0.567073171,2023/09/20 3:51:02 da tarde CET,Masculine,18,Student,I make some time in my schedule to play video games.,I am not familiar with these games and/or have no formed opinion on them.,A,3,3,3,3,5,B,5,1,1,4,5,C,5,1,3,1,4,D,1,1,5,2,6,I've played with all 4 (four) companions,3,4,4,4,Self Challenger,Self Facilitator,Others' Challenger,Other's Facilitator,Self Facilitator,4.5,2,2.25,3.5,Self Challenger,3.166666667,0.6,1.5,2.833333333,0.8,1.666666667,2.166666667,0.8,2.833333333,2.5,0.8,1.5,4.142857143
47,1,13,0,1,0,3,253,608,76,83,44,52,1,1,0,0,8,6,2,1,0,0,1,0,254,115,84,91,31,100,0,13,0,0,15,3,11,2,0,2,1,0,334,934,78,63,27,57,1,0,0,13,0,0,3,3,0,1,116,661,88,64,55,44,14,0,0,0,4,0,7519,5934,5607,5423,0.921212121,0.534883721,0.942482341,0.937588652,0.851851852,0.89122807,0.925207756,0.678362573,2023/09/20 4:38:06 da tarde CET,Masculine,19,Student,I make some time in my schedule to play video games.,I enjoy them and have played/watched others play them multiple times.,A,2,3,2,3,4,B,3,2,2,2,3,C,2,2,2,2,4,D,2,2,2,2,4,I've played with all 4 (four) companions,2,3,1,1,Self Facilitator,Other's Facilitator,Others' Challenger,Self Challenger,Self Challenger,0.75,0,0.75,0,Self Challenger,1.166666667,1.6,0.833333333,0.833333333,1.2,0.166666667,0.166666667,1.2,0,0.166666667,1,0,3.428571429
48,1,14,1,0,0,2,424,811,76,76,46,38,1,1,2,6,6,0,1,1,1,0,0,2,175,94,91,94,32,129,2,13,3,6,9,0,14,1,2,3,0,1,450,231,77,88,17,62,2,1,1,12,5,0,2,0,0,1,102,200,85,91,63,65,13,1,0,7,1,0,5697,7996,9577,7265,0.955241461,0.421524664,0.788395904,0.754716981,0.90212766,0.845410628,0.96359743,0.618181818,2023/09/20 5:27:57 da tarde CET,Masculine,21,Student,I play video games occasionally when the opportunity presents itself.,I enjoy them and have played/watched others play them multiple times.,B,2,5,1,2,6,I've played with all 4 (four) companions,2,1,1,4,6,C,5,1,2,1,2,D,1,2,4,3,6,A,5,5,2,4,Self Challenger,Others' Challenger,Self Facilitator,Other's Facilitator,Self Facilitator,0.75,5,1,1.5,Self Facilitator,2.666666667,0.8,2,2.666666667,0.4,2.5,0.333333333,2,2.333333333,4,1.2,4,5.571428571
49,2,13,4,0,0,2,308,416,71,82,35,105,0,1,4,4,7,8,0,1,3,2,0,3,228,125,81,92,41,164,3,13,3,3,12,11,14,3,0,2,0,2,533,262,74,86,27,99,0,3,4,11,8,0,2,0,2,1,124,355,82,83,66,87,13,1,1,3,4,8,6414,5030,6767,11610,0.798464491,0.432525952,0.725761773,0.803167421,0.897959184,0.847583643,0.951785714,0.652631579,2023/09/21 11:45:34 da manhã CET,Masculine,18,Student,I make some time in my schedule to play video games.,I am not familiar with these games and/or have no formed opinion on them.,B,1,5,4,1,3,C,2,3,1,1,5,A,5,4,1,2,4,D,1,3,5,2,5,I've played with all 4 (four) companions,4,5,2,5,Self Facilitator,Others' Challenger,Self Challenger,Other's Facilitator,Others' Facilitator,1.5,3.5,1.75,2.75,Self Facilitator,0.833333333,1.4,1.5,2.666666667,1.4,2.5,1.833333333,1.8,2.166666667,2.833333333,1,2.5,4.714285714
50,0,12,3,2,0,2,862,360,76,85,39,52,2,1,0,1,9,6,2,1,0,1,0,0,205,140,87,95,33,102,1,13,2,1,13,8,13,1,1,1,0,1,332,208,88,94,15,96,2,2,0,17,10,0,3,4,1,1,134,215,91,95,53,90,12,1,0,0,10,9,8802,10527,28898,13720,0.873786408,0.578512397,0.684210526,0.704918033,0.956714761,0.861344538,0.956772334,0.71657754,2023/09/21 12:59:40 da tarde CET,Masculine,19,Student,I play video games occasionally when the opportunity presents itself.,I played/watched others play them enough to understand I do not appreciate them.,D,2,5,5,1,7,I've played with all 4 (four) companions,4,1,1,5,3,A,4,1,4,1,2,B,1,1,4,3,3,C,5,1,5,2,Self Challenger,Others' Challenger,Self Facilitator,Other's Facilitator,Self Challenger,1.25,0.5,2,1,Others' Challenger,1.333333333,0,1,0.166666667,0.4,1.166666667,0.333333333,1,1.5,1.666666667,0.8,2.5,5.714285714
51,0,12,3,0,0,2,174,287,87,89,41,75,2,1,4,4,8,13,1,1,6,0,0,1,250,120,91,96,29,137,1,13,2,3,14,8,14,1,0,4,0,1,565,399,75,74,25,71,2,0,3,11,14,0,2,2,0,3,112,165,92,94,64,104,14,1,3,6,4,8,12960,10215,10405,7110,0.79281768,0.46692607,0.84893617,0.6133829,0.809302326,0.896057348,0.957627119,0.636363636,2023/09/21 1:40:31 da tarde CET,Masculine,19,Student,I play video games occasionally when the opportunity presents itself.,I enjoy them and have played/watched others play them multiple times.,A,1,5,2,3,3,B,4,3,2,3,5,C,4,2,2,4,6,D,1,1,5,3,7,I've played with all 4 (four) companions,3,5,4,2,Self Challenger,Self Facilitator,Others' Challenger,Other's Facilitator,Self Facilitator,1,4,2.75,2.25,Self Facilitator,1.5,1.4,1.166666667,2.666666667,1,2.166666667,2.833333333,1,3,3.666666667,1.2,3.166666667,7
52,0,13,2,0,0,7,283,285,86,93,35,103,2,1,1,9,10,9,0,1,0,1,0,4,227,90,85,95,45,74,2,13,3,4,8,0,13,2,0,2,0,8,620,284,81,89,18,81,2,0,5,14,10,0,2,2,1,6,127,219,92,95,55,118,14,1,0,6,4,6,6004,4307,5750,4798,0.734536082,0.548780488,0.778082192,0.649851632,0.889937107,0.834558824,0.971786834,0.697802198,2023/09/21 3:43:12 da tarde CET,Masculine,20,Student,I make some time in my schedule to play video games.,I enjoy them and have played/watched others play them multiple times.,D,1,5,2,1,6,B,4,4,2,4,5,C,5,1,2,1,3,I've played with all 4 (four) companions,1,4,3,3,6,A,2,4,1,1,Self Challenger,Self Facilitator,Others' Challenger,Other's Facilitator,Self Facilitator,1,6,1,1,Self Facilitator,2.166666667,0.8,2.833333333,1.5,2,3.666666667,0.833333333,3,4,2.166666667,0.8,2,5.428571429
53,1,14,0,1,0,0,234,436,81,87,53,77,1,1,2,4,6,12,2,1,0,5,0,0,365,154,87,92,38,127,0,13,3,0,8,11,14,1,0,1,0,1,2094,250,78,87,26,98,2,3,2,14,13,0,3,0,1,2,146,189,82,85,64,101,13,0,0,5,1,10,14711,10694,7425,5180,0.849902534,0.548042705,0.718390805,0.651724138,0.81533101,0.905707196,0.987735849,0.695238095,2023/09/21 4:34:13 da tarde CET,Masculine,21,Student,I make some time in my schedule to play video games.,I enjoy them and have played/watched others play them multiple times.,B,2,5,3,1,5,C,2,2,1,5,4,A,5,2,3,1,6,D,4,2,5,1,6,I've played with all 4 (four) companions,2,5,4,3,Self Challenger,Self Facilitator,Others' Challenger,Other's Facilitator,Others' Facilitator,2,2.75,0,2,Self Facilitator,0.166666667,0.4,2.333333333,0.166666667,0.4,1.666666667,0.666666667,0.8,2.5,1.166666667,0.4,3.333333333,4.285714286
54,1,14,1,4,0,47,140,1525,86,60,34,30,1,1,0,1,16,0,1,1,0,0,0,28,188,146,78,88,72,138,1,13,1,0,10,0,12,1,1,1,0,23,606,272,75,71,40,98,2,0,1,12,0,0,1,2,0,31,113,281,73,86,80,82,13,3,0,1,6,0,0,1091,1723,312,0.980707395,0.514084507,0.735135135,0.774104683,0.804597701,0.723076923,0.938080495,0.585492228,2023/09/21 5:29:47 da tarde CET,Feminine,24,Student,I play video games occasionally when the opportunity presents itself.,I am not familiar with these games and/or have no formed opinion on them.,C,3,3,3,3,5,B,3,3,3,3,5,D,4,2,2,2,3,A,2,4,4,2,5,I've played with all 4 (four) companions,3,3,3,3,Other's Facilitator,Self Facilitator,Others' Challenger,Self Challenger,Self Facilitator,1.25,0.75,1,0.25,Self Challenger,3,1.4,2.666666667,2.166666667,0.8,1.833333333,0.833333333,1.4,2,2.5,1.2,2.5,5.428571429
55,0,13,4,0,0,5,261,789,78,81,25,74,2,1,0,0,9,6,1,1,4,0,0,5,180,168,88,91,29,152,2,13,2,0,11,8,12,3,2,1,1,7,263,245,89,90,17,105,1,2,0,22,9,0,2,2,0,6,120,235,89,93,54,100,13,2,0,1,4,6,7272,6657,8357,4963,0.914252607,0.525,0.7,0.701492537,0.912587413,0.861244019,0.939285714,0.689655172,2023/09/21 6:03:26 da tarde CET,Masculine,19,Student,I play video games occasionally when the opportunity presents itself.,I enjoy them and have played/watched others play them multiple times.,A,2,2,4,4,4,B,5,2,2,4,3,C,5,1,5,1,1,D,2,4,5,1,6,I've played with all 4 (four) companions,4,4,4,4,Others' Challenger,Self Challenger,Self Facilitator,Other's Facilitator,Self Challenger,0.25,0.25,3,1,Others' Challenger,1.333333333,0.4,1.666666667,0.666666667,0,0.666666667,0.166666667,0,1.333333333,2.5,1.2,2.166666667,5
56,1,13,0,0,0,1,218,324,70,79,47,85,1,1,0,3,6,7,1,1,0,0,0,1,250,119,77,97,44,132,1,13,3,1,4,5,13,3,1,0,0,0,921,179,57,79,51,123,0,0,5,6,13,0,3,0,0,1,100,175,83,85,79,118,12,1,1,6,5,10,6475,7990,4195,5792,0.792176039,0.474103586,0.592715232,0.597269625,0.822641509,0.850340136,0.947530864,0.558659218,2023/09/22 12:55:05 da tarde CET,Masculine,18,Student,I play video games occasionally when the opportunity presents itself.,I enjoy them and have played/watched others play them multiple times.,A,3,3,3,4,5,B,4,2,3,2,6,C,5,2,2,2,6,D,1,2,3,1,6,I've played with all 4 (four) companions,3,5,3,4,Other's Facilitator,Self Facilitator,Others' Challenger,Self Challenger,Others' Facilitator,0,3.75,0.25,1,Self Facilitator,1.333333333,0.8,2,1.333333333,0,1.5,1,0,2.166666667,0.666666667,0,1,5
57,2,13,1,4,0,10,649,475,62,49,48,116,0,1,1,0,5,0,0,1,1,2,0,3,998,138,70,60,41,160,2,12,2,0,4,0,14,1,0,0,0,17,399,237,62,47,39,153,2,0,0,6,0,0,2,0,0,13,120,244,68,53,78,151,13,1,0,0,2,0,2158,2517,1932,1288,0.803722504,0.463087248,0.607692308,0.617721519,0.931133429,0.96053898,0.910958904,0.606060606,2023/09/22 1:30:12 da tarde CET,Feminine,22,Student,I play video games occasionally when the opportunity presents itself.,I am not familiar with these games and/or have no formed opinion on them.,A,2,3,3,3,5,B,3,3,1,2,3,C,4,2,2,2,6,D,4,4,5,2,4,I've played with all 4 (four) companions,5,2,4,2,Self Challenger,Others' Challenger,Other's Facilitator,Self Facilitator,Self Facilitator,1.5,0,0.5,0.75,Self Challenger,1.666666667,1.2,1.166666667,1.166666667,0.6,1,3.333333333,1.8,2.833333333,1.5,1,1.666666667,5.285714286
58,0,12,4,1,0,3,297,445,74,83,37,90,2,1,0,2,8,3,0,1,1,2,0,1,162,117,92,97,46,168,2,14,4,2,5,5,15,2,2,5,1,4,530,233,67,86,25,95,1,1,1,10,4,0,1,2,3,1,116,159,78,90,65,119,14,2,0,5,4,1,10347,9352,5644,5601,0.831775701,0.410526316,0.710365854,0.571942446,0.889221557,0.778846154,0.954954955,0.640883978,2023/09/22 4:08:47 da tarde CET,Masculine,24,Student,I make some time in my schedule to play video games.,I enjoy them and have played/watched others play them multiple times.,C,2,5,1,1,5,D,4,2,2,4,2,A,5,2,1,2,4,B,2,5,4,2,6,I've played with all 4 (four) companions,5,4,2,5,Self Challenger,Others' Challenger,Self Facilitator,Other's Facilitator,Self Challenger,2.75,2.5,2.25,1.25,Self Challenger,2.833333333,0.2,1.5,0.333333333,1.4,2.166666667,1.833333333,0.2,2.166666667,3,0.8,2.833333333,5.285714286
59,1,14,0,0,0,1,586,438,67,80,42,100,1,1,0,7,5,0,1,1,2,0,0,4,265,99,87,96,29,173,2,12,1,6,8,0,13,3,0,0,1,3,372,164,88,90,22,128,0,1,10,14,1,0,1,0,0,1,118,144,88,89,59,130,13,3,0,7,4,0,8106,4026,5022,6515,0.814126394,0.363970588,0.561643836,0.525547445,0.933121019,0.901360544,0.944162437,0.666666667,2023/09/22 4:54:53 da tarde CET,Masculine,25,Student;Worker,I play video games occasionally when the opportunity presents itself.,I am not familiar with these games and/or have no formed opinion on them.,A,3,2,4,2,5,B,4,1,3,3,6,C,5,1,3,1,1,D,3,4,3,4,4,I've played with all 4 (four) companions,1,5,2,3,Self Challenger,Other's Facilitator,Others' Challenger,Self Facilitator,Self Facilitator,0,7.5,0.5,0.5,Self Facilitator,0.833333333,0.4,0,1.333333333,0.4,0.333333333,0,0.6,1,0.833333333,0.4,0.833333333,6.142857143
60,0,13,1,5,0,1,194,1075,81,61,51,57,2,1,1,1,5,9,2,1,1,0,0,1,267,85,74,88,34,112,1,13,3,8,3,10,15,2,0,2,0,4,259,233,77,88,26,68,1,2,4,14,7,0,3,0,1,2,86,162,75,85,79,80,12,1,1,9,2,11,7366,4229,5984,4626,0.949646643,0.431472081,0.774086379,0.669421488,0.791836735,0.887043189,0.90877193,0.521212121,2023/09/26 12:35:16 da tarde CET,Masculine,19,Student,I play video games occasionally when the opportunity presents itself.,I enjoy them and have played/watched others play them multiple times.,C,1,2,4,1,3,B,4,1,2,4,6,D,4,2,2,1,5,A,2,3,4,2,7,I've played with all 4 (four) companions,1,5,2,4,Self Challenger,Self Facilitator,Others' Challenger,Other's Facilitator,Others' Facilitator,2,5.5,0.5,1.75,Self Facilitator,1.666666667,1.6,2.333333333,2,1.2,3.333333333,2.166666667,0.8,2,2.666666667,1,3.166666667,5.857142857
61,1,12,2,0,0,3,225,342,82,83,27,73,2,1,0,6,9,6,1,1,0,1,0,1,220,117,89,94,36,134,1,14,4,4,6,17,15,3,1,4,1,3,2259,406,80,84,17,114,0,0,3,10,8,0,3,0,2,2,94,181,87,93,69,113,14,0,0,8,1,13,9507,7061,9062,4504,0.824096386,0.466135458,0.780769231,0.615646259,0.892857143,0.859375,0.992530756,0.576687117,2023/09/26 2:12:52 da tarde CET,Masculine,25,Student,I play video games occasionally when the opportunity presents itself.,I enjoy them and have played/watched others play them multiple times.,C,1,5,2,1,3,B,4,2,2,4,4,D,5,1,2,2,1,A,2,3,4,2,5,I've played with all 4 (four) companions,2,4,2,4,Self Challenger,Self Facilitator,Others' Challenger,Other's Facilitator,Self Facilitator,1.75,5.25,0.75,1,Self Facilitator,0.333333333,0,0.833333333,0.5,0,2.333333333,0.333333333,0.4,1.666666667,1.166666667,0,2.333333333,3.142857143
