"study_ID","CompOC_BUFF_COMPANION_COMPANION_ENEMY","CompOC_BUFF_COMPANION_PLAYER_ENEMY","CompOC_BUFF_PLAYER_COMPANION_ENEMY","CompOC_BUFF_PLAYER_PLAYER_ENEMY","CompOC_DEATH_COMPANION_ENEMY_COMPANION","CompOC_DEATH_PLAYER_ENEMY_PLAYER","CompOC_HIT_COMPANION_COMPANION_ENEMY","CompOC_HIT_PLAYER_PLAYER_ENEMY","CompOC_HIT_KILL_COMPANION_COMPANION_ENEMY","CompOC_HIT_KILL_PLAYER_PLAYER_ENEMY","CompOC_MISS_COMPANION_COMPANION_ENEMY","CompOC_MISS_PLAYER_PLAYER_ENEMY","CompOC_NERF_COMPANION_COMPANION_ENEMY","CompOC_NERF_COMPANION_PLAYER_ENEMY","CompOC_NERF_PLAYER_COMPANION_ENEMY","CompOC_NERF_PLAYER_PLAYER_ENEMY","CompOC_SEC_ATTACK_COMPANION_COMPANION_ENEMY","CompOC_SEC_ATTACK_PLAYER_PLAYER_ENEMY","CompOF_BUFF_COMPANION_COMPANION_ENEMY","CompOF_BUFF_COMPANION_PLAYER_ENEMY","CompOF_BUFF_PLAYER_COMPANION_ENEMY","CompOF_BUFF_PLAYER_PLAYER_ENEMY","CompOF_DEATH_COMPANION_ENEMY_COMPANION","CompOF_DEATH_PLAYER_ENEMY_PLAYER","CompOF_HIT_COMPANION_COMPANION_ENEMY","CompOF_HIT_PLAYER_PLAYER_ENEMY","CompOF_HIT_KILL_COMPANION_COMPANION_ENEMY","CompOF_HIT_KILL_PLAYER_PLAYER_ENEMY","CompOF_MISS_COMPANION_COMPANION_ENEMY","CompOF_MISS_PLAYER_PLAYER_ENEMY","CompOF_NERF_COMPANION_COMPANION_ENEMY","CompOF_NERF_COMPANION_PLAYER_ENEMY","CompOF_NERF_PLAYER_COMPANION_ENEMY","CompOF_NERF_PLAYER_PLAYER_ENEMY","CompOF_SEC_ATTACK_COMPANION_COMPANION_ENEMY","CompOF_SEC_ATTACK_PLAYER_PLAYER_ENEMY","CompSC_BUFF_COMPANION_COMPANION_ENEMY","CompSC_BUFF_COMPANION_PLAYER_ENEMY","CompSC_BUFF_PLAYER_COMPANION_ENEMY","CompSC_BUFF_PLAYER_PLAYER_ENEMY","CompSC_DEATH_COMPANION_ENEMY_COMPANION","CompSC_DEATH_PLAYER_ENEMY_PLAYER","CompSC_HIT_COMPANION_COMPANION_ENEMY","CompSC_HIT_PLAYER_PLAYER_ENEMY","CompSC_HIT_KILL_COMPANION_COMPANION_ENEMY","CompSC_HIT_KILL_PLAYER_PLAYER_ENEMY","CompSC_MISS_COMPANION_COMPANION_ENEMY","CompSC_MISS_PLAYER_PLAYER_ENEMY","CompSC_NERF_COMPANION_PLAYER_ENEMY","CompSC_NERF_PLAYER_COMPANION_ENEMY","CompSC_NERF_PLAYER_PLAYER_ENEMY","CompSC_SEC_ATTACK_COMPANION_COMPANION_ENEMY","CompSC_SEC_ATTACK_PLAYER_PLAYER_ENEMY","CompSF_BUFF_COMPANION_COMPANION_ENEMY","CompSF_BUFF_COMPANION_PLAYER_ENEMY","CompSF_BUFF_PLAYER_COMPANION_ENEMY","CompSF_BUFF_PLAYER_PLAYER_ENEMY","CompSF_DEATH_PLAYER_ENEMY_PLAYER","CompSF_HIT_COMPANION_COMPANION_ENEMY","CompSF_HIT_PLAYER_PLAYER_ENEMY","CompSF_HIT_KILL_COMPANION_COMPANION_ENEMY","CompSF_HIT_KILL_PLAYER_PLAYER_ENEMY","CompSF_MISS_COMPANION_COMPANION_ENEMY","CompSF_MISS_PLAYER_PLAYER_ENEMY","CompSF_NERF_COMPANION_COMPANION_ENEMY","CompSF_NERF_COMPANION_PLAYER_ENEMY","CompSF_NERF_PLAYER_COMPANION_ENEMY","CompSF_NERF_PLAYER_PLAYER_ENEMY","CompSF_SEC_ATTACK_COMPANION_COMPANION_ENEMY","CompSF_SEC_ATTACK_PLAYER_PLAYER_ENEMY","CompOC_FINAL","CompOF_FINAL","CompSC_FINAL","CompSF_FINAL","PLAYER_ACCURACY_CompOC","PLAYER_ACCURACY_CompOF","PLAYER_ACCURACY_CompSC","PLAYER_ACCURACY_CompSF","Carimbo.de.data.hora","Sex","Age","Occupation","How.often.do.you.play.video.games.","Do.you.enjoy.games.that.offer.companions.to.aid.your.journeys.","Please.tell.us.the.companion.you.will.play.now","X.I.felt.schadenfreude..malicious.delight..","X.I.felt.revengeful.","X.I.felt.jealous.about.the.other.","X.I.felt.connected.to.the.other.","X.I.influenced.the.mood.of.the.other.","X.What.the.other.did.affected.what.I.did.","X.I.found.it.enjoyable.to.be.with.the.other.","X.I.was.influenced.by.the.other.moods.","X.What.I.did.affected.what.the.other.did.","X.The.other.paid.close.attention.to.me.","X.I.empathized.with.the.other.s..","X..When.the.other.was.happy..I.was.happy.","X.My.actions.depended.on.the.other.actions.","X.I.paid.close.attention.to.the.other.","X.The.other.s.actions.were.dependent.on.my.actions.","X..When.I.was.happy..the.other.was.happy.","X.I.admired.the.other.","Regarding.frequence..how.much.did.your.companion.use.the.following.effects...Nerf.your.enemies.","Regarding.frequence..how.much.did.your.companion.use.the.following.effects...Buff.his.enemies.","Regarding.frequence..how.much.did.your.companion.use.the.following.effects...Buff.your.enemies.","Regarding.frequence..how.much.did.your.companion.use.the.following.effects...Nerf.his.enemies.","X.I.rate.my.experience.playing.side.by.side.with.this.companions.as.","Please.tell.us.the.companion.you.will.play.now.1","X.I.empathized.with.the.other.s...1","X.My.actions.depended.on.the.other.actions..1","X.The.other.s.actions.were.dependent.on.my.actions..1","X.I.felt.connected.to.the.other..1","X.The.other.paid.close.attention.to.me..1","X.I.paid.close.attention.to.the.other..1","X.I.felt.jealous.about.the.other..1","X.I.found.it.enjoyable.to.be.with.the.other..1","X..When.I.was.happy..the.other.was.happy..1","X..When.the.other.was.happy..I.was.happy..1","X.I.influenced.the.mood.of.the.other..1","X.I.was.influenced.by.the.other.moods..1","X.I.admired.the.other..1","X.What.the.other.did.affected.what.I.did..1","X.What.I.did.affected.what.the.other.did..1","X.I.felt.revengeful..1","X.I.felt.schadenfreude..malicious.delight...1","Regarding.frequence..how.much.did.your.companion.use.the.following.effects...Nerf.his.enemies..1","Regarding.frequence..how.much.did.your.companion.use.the.following.effects...Buff.his.enemies..1","Regarding.frequence..how.much.did.your.companion.use.the.following.effects...Nerf.your.enemies..1","Regarding.frequence..how.much.did.your.companion.use.the.following.effects...Buff.your.enemies..1","X.I.rate.my.experience.playing.side.by.side.with.this.companions.as..1","Please.tell.us.the.companion.you.will.play.now.2","X.What.the.other.did.affected.what.I.did..2","X.I.paid.close.attention.to.the.other..2","X.I.felt.schadenfreude..malicious.delight...2","X.I.empathized.with.the.other.s...2","X..When.the.other.was.happy..I.was.happy..2","X..When.I.was.happy..the.other.was.happy..2","X.I.found.it.enjoyable.to.be.with.the.other..2","X.I.felt.jealous.about.the.other..2","X.I.was.influenced.by.the.other.moods..2","X.My.actions.depended.on.the.other.actions..2","X.I.influenced.the.mood.of.the.other..2","X.What.I.did.affected.what.the.other.did..2","X.I.felt.revengeful..2","X.I.admired.the.other..2","X.The.other.paid.close.attention.to.me..2","X.The.other.s.actions.were.dependent.on.my.actions..2","X.I.felt.connected.to.the.other..2","Regarding.frequence..how.much.did.your.companion.use.the.following.effects...Buff.your.enemies..2","Regarding.frequence..how.much.did.your.companion.use.the.following.effects...Buff.his.enemies..2","Regarding.frequence..how.much.did.your.companion.use.the.following.effects...Nerf.his.enemies..2","Regarding.frequence..how.much.did.your.companion.use.the.following.effects...Nerf.your.enemies..2","X.I.rate.my.experience.playing.side.by.side.with.this.companions.as..2","Please.tell.us.the.companion.you.will.play.now.3","X.I.empathized.with.the.other.s...3","X.My.actions.depended.on.the.other.actions..3","X.The.other.s.actions.were.dependent.on.my.actions..3","X.I.felt.connected.to.the.other..3","X.The.other.paid.close.attention.to.me..3","X.I.paid.close.attention.to.the.other..3","X.I.felt.jealous.about.the.other..3","X.I.found.it.enjoyable.to.be.with.the.other..3","X..When.I.was.happy..the.other.was.happy..3","X..When.the.other.was.happy..I.was.happy..3","X.I.influenced.the.mood.of.the.other..3","X.I.was.influenced.by.the.other.moods..3","X.I.admired.the.other..3","X.What.the.other.did.affected.what.I.did..3","X.What.I.did.affected.what.the.other.did..3","X.I.felt.revengeful..3","X.I.felt.schadenfreude..malicious.delight...3","Regarding.frequence..how.much.did.your.companion.use.the.following.effects...Buff.his.enemies..3","Regarding.frequence..how.much.did.your.companion.use.the.following.effects...Nerf.his.enemies..3","Regarding.frequence..how.much.did.your.companion.use.the.following.effects...Nerf.your.enemies..3","Regarding.frequence..how.much.did.your.companion.use.the.following.effects...Buff.your.enemies..3","X.I.rate.my.experience.playing.side.by.side.with.this.companions.as..3","Please.tell.us.the.companion.you.will.play.now.4","X.I.enjoyed.doing.this.activity.very.much..","X.This.activity.was.fun.to.do..","X.I.thought.this.was.a.boring.activity..","X.This.activity.did.not.hold.my.attention.at.all..","X.I.would.describe.this.activity.as.very.interesting..","X.I.thought.this.activity.was.quite.enjoyable..","X..While.I.was.doing.this.activity..I.was.thinking.about.how.much.I.enjoyed.it..","Regading.utility..rate.the.following.effects.throughout.the.experiment..Buff.my.enemies.","Regading.utility..rate.the.following.effects.throughout.the.experiment..Nerf.my.enemies.","Regading.utility..rate.the.following.effects.throughout.the.experiment..Buff.my.companion.s.enemies.","Regading.utility..rate.the.following.effects.throughout.the.experiment..Nerf.my.companion.s.enemies.","Identify.each.companion.regarding.their.interaction.model.s.quadrant...A.","Identify.each.companion.regarding.their.interaction.model.s.quadrant...B.","Identify.each.companion.regarding.their.interaction.model.s.quadrant...C.","Identify.each.companion.regarding.their.interaction.model.s.quadrant...D.","X.I.see.myself.as.a."
0,3,13,0,2,0,5,337,421,80,89,27,60,0,0,0,2,13,12,2,0,1,9,0,1,286,189,92,94,30,125,1,12,0,2,12,13,14,3,0,4,0,6,477,347,87,94,13,91,0,0,1,17,10,1,2,0,4,8,114,526,89,87,71,42,14,0,0,1,4,13,7343,10709,9146,5936,0.875259875259875,0.601910828025478,0.792237442922374,0.926056338028169,"2023/09/08 1:11:40 da tarde CET","Masculine",17,"Student","I make some time in my schedule to play video games.","I enjoy them and have played/watched others play them multiple times.","B","0","0","0","3","1","1","4","0","1","2","3","4","1","1","1","4","3","2","1","4","1","6","C","2","3","0","0","1","2","2","1","2","2","0","4","1","3","1","1","1","3","3","1","4","4","A","1","1","0","2","3","2","3","0","0","0","2","1","0","2","1","1","1","5","2","1","1","5","D","2","4","0","2","2","3","1","2","1","1","0","3","1","4","1","3","1","1","1","5","1","4","I've played with all 4 (four) companions","7","7","1","1","7","6","5","5","2","4","3","Self Challenger","Self Facilitator","Others' Challenger","Other's Facilitator","Self Challenger"
1,2,14,0,1,0,4,277,395,87,93,40,69,1,0,3,5,9,15,2,0,2,2,0,0,284,125,80,90,38,121,2,13,4,1,6,11,14,4,1,0,0,7,541,415,82,86,23,62,0,4,4,15,9,1,2,3,4,8,119,344,93,90,61,54,15,0,0,1,4,14,10095,5208,6046,6632,0.851293103448276,0.508130081300813,0.870020964360587,0.864321608040201,"2023/09/08 1:51:30 da tarde CET","Masculine",18,"Student","I make some time in my schedule to play video games.","I played/watched others play them enough to understand I do not appreciate them.","B","2","3","2","3","3","3","2","4","3","3","2","3","4","3","2","2","3","4","5","3","4","5","D","3","2","2","3","3","3","1","4","3","3","3","3","3","4","3","3","3","3","4","4","4","6","C","4","2","2","4","3","3","4","2","2","2","2","4","4","3","4","4","4","5","2","2","5","7","A","3","4","2","3","3","4","1","2","2","2","3","2","2","4","2","3","2","2","5","3","3","5","I've played with all 4 (four) companions","7","7","1","2","7","6","6","3","5","3","4","Other's Facilitator","Others' Challenger","Self Challenger","Self Facilitator","Others' Facilitator"
2,1,13,0,1,0,12,201,4269,60,76,65,72,2,0,0,2,7,6,1,0,1,0,0,17,218,128,93,98,30,152,2,13,0,2,13,11,12,3,0,1,0,7,3005,320,76,76,21,99,0,0,0,14,3,1,2,0,0,14,119,442,95,88,55,83,14,0,0,9,7,11,2273,2001,5866,2260,0.98341395991707,0.457142857142857,0.763723150357995,0.841904761904762,"2023/09/08 3:18:05 da tarde CET","Feminine",24,"Student","I do not play video games.","I am not familiar with these games and/or have no formed opinion on them.","C","2","2","0","1","0","4","2","1","4","1","0","0","2","1","0","1","1","2","3","2","3","4","D","0","0","2","1","1","1","0","0","0","0","2","2","0","2","2","2","1","5","1","1","1","2","I've played with all 4 (four) companions","1","0","3","0","0","0","1","0","1","0","0","3","2","2","3","3","0","5","1","1","1","2","A","2","3","2","3","3","2","0","4","2","2","1","2","2","4","4","0","0","1","1","5","1","6","B","7","7","1","1","6","6","2","1","5","1","1","Self Challenger","Self Facilitator","Others' Challenger","Other's Facilitator","Self Facilitator"
3,3,12,5,0,0,2,830,433,71,80,32,95,1,0,1,1,7,11,3,0,1,0,0,5,658,136,76,97,44,148,0,12,1,2,11,8,12,3,0,4,0,1,539,345,83,84,25,100,0,0,2,13,9,1,3,0,1,2,122,253,85,86,64,125,12,0,0,6,4,9,6642,6279,14334,5905,0.820075757575758,0.47887323943662,0.775280898876405,0.669312169312169,"2023/09/08 3:59:18 da tarde CET","Masculine",26,"Student","I play video games occasionally when the opportunity presents itself.","I am not familiar with these games and/or have no formed opinion on them.","D","0","0","0","0","0","3","1","0","2","0","0","0","3","2","2","0","0","1","2","3","1","4","B","0","2","2","0","0","3","0","2","0","0","0","0","0","3","1","0","0","3","1","1","3","3","C","3","3","0","0","0","0","2","0","0","3","0","2","0","0","1","2","0","5","1","3","1","3","I've played with all 4 (four) companions","0","1","3","0","3","2","0","2","0","0","0","0","0","2","2","0","0","4","1","1","1","4","A","5","6","2","1","5","5","2","4","4","4","4","Other's Facilitator","Self Facilitator","Others' Challenger","Self Challenger","Self Challenger"
4,2,12,0,2,0,6,186,1669,71,71,38,26,1,0,0,4,5,4,3,0,0,3,0,0,292,137,92,89,29,75,0,13,0,2,15,0,12,4,0,1,0,10,3498,557,68,79,26,36,0,1,0,7,0,1,2,0,1,2,116,293,79,84,61,56,14,0,0,4,1,0,5841,13574,4024,6131,0.984660766961652,0.64622641509434,0.93929173693086,0.839541547277937,"2023/09/08 4:44:47 da tarde CET","Masculine",17,"Student","I play video games occasionally when the opportunity presents itself.","I played/watched others play them enough to understand I do not appreciate them.","A","0","1","0","2","0","1","2","0","0","3","3","1","1","0","1","2","1","1","1","3","1","4","B","3","1","3","1","3","1","0","1","1","1","0","0","1","1","3","0","0","1","1","1","2","5","C","3","0","0","1","1","1","1","0","1","2","1","0","0","0","0","1","0","4","1","1","1","2","D","3","2","1","3","3","1","0","3","2","1","1","2","2","3","1","0","0","2","3","4","1","6","I've played with all 4 (four) companions","5","5","2","2","5","5","4","3","4","1","1","Self Challenger","Self Facilitator","Others' Challenger","Other's Facilitator","Self Facilitator"
5,2,13,1,1,0,8,249,394,71,90,45,45,2,0,1,2,2,11,3,0,3,1,1,1,185,132,87,93,38,147,1,12,4,1,13,7,13,4,1,5,1,1,606,362,94,95,20,85,0,0,1,20,12,1,2,0,3,1,105,217,90,94,62,100,14,0,1,2,2,12,7769,9214,12288,16423,0.89749430523918,0.473118279569892,0.809843400447427,0.684542586750789,"2023/09/11 1:21:06 da tarde CET","Masculine",29,"Student","I play video games occasionally when the opportunity presents itself.","I enjoy them and have played/watched others play them multiple times.","C","0","0","0","2","1","3","3","1","2","1","2","2","3","2","2","1","0","1","4","4","1","5","D","1","2","0","0","1","2","0","1","0","0","0","1","0","2","0","0","0","5","1","1","1","3","I've played with all 4 (four) companions","2","1","0","1","1","1","2","0","1","2","1","2","0","0","1","2","2","5","3","1","1","3","A","1","3","2","1","1","2","0","2","0","0","0","1","0","2","1","0","0","1","1","5","2","4","B","6","6","1","1","6","6","2","4","4","4","4","Others' Challenger","Self Facilitator","Other's Facilitator","Self Challenger","Others' Facilitator"
6,3,13,1,3,1,3,307,660,79,82,38,53,1,0,0,4,9,9,2,0,1,0,0,2,244,99,90,94,36,143,1,14,4,2,9,8,15,3,1,3,0,0,436,249,83,88,25,60,0,1,5,21,5,1,3,1,0,0,122,266,91,89,66,84,13,0,1,4,5,4,8391,8745,11283,11527,0.925666199158485,0.409090909090909,0.805825242718447,0.76,"2023/09/11 3:58:42 da tarde CET","Masculine",22,"Student","I play video games occasionally when the opportunity presents itself.","I am not familiar with these games and/or have no formed opinion on them.","D","0","0","0","2","3","3","3","2","1","1","1","2","0","3","2","1","4","1","5","1","2","6","I've played with all 4 (four) companions","2","1","0","2","2","4","0","3","3","3","3","1","2","1","4","1","1","5","1","1","3","5","A","3","3","3","0","0","0","0","0","3","1","2","0","4","0","1","1","1","5","2","3","1","2","B","2","1","3","3","4","2","0","1","1","2","3","1","0","4","4","0","1","2","4","4","2","3","C","5","5","2","4","4","6","4","4","5","3","3","Other's Facilitator","Self Challenger","Others' Challenger","Self Facilitator","Self Facilitator"
7,2,14,4,0,0,5,799,1613,72,69,38,42,1,0,0,2,10,0,2,0,4,5,0,5,290,176,83,94,25,131,1,13,1,0,8,5,13,4,1,3,0,6,578,423,84,87,24,88,0,3,0,12,3,1,2,1,2,7,95,351,88,85,72,96,13,0,2,3,2,1,4730,5034,7105,4237,0.974622356495468,0.57328990228013,0.827788649706458,0.785234899328859,"2023/09/11 4:56:42 da tarde CET","Masculine",26,"Student","I make some time in my schedule to play video games.","I enjoy them and have played/watched others play them multiple times.","C","3","0","0","3","2","3","4","4","3","1","4","2","3","3","3","3","0","2","4","3","4","6","D","3","3","3","3","3","4","1","3","3","3","3","4","0","3","4","0","1","5","2","2","2","5","A","4","3","4","1","2","0","3","3","3","4","2","1","4","0","1","1","3","5","1","2","1","2","B","2","3","1","1","1","3","0","2","2","2","1","3","0","3","1","0","3","5","2","5","2","4","I've played with all 4 (four) companions","4","6","2","1","5","5","1","4","4","4","4","Self Challenger","Self Facilitator","Others' Challenger","Other's Facilitator","Others' Facilitator"
8,2,13,6,1,0,3,451,759,80,80,32,59,1,0,3,1,9,11,1,0,4,1,0,2,177,124,94,93,34,128,2,14,4,1,14,11,15,3,4,1,1,4,488,244,90,92,15,113,0,2,4,21,12,1,3,0,1,3,108,190,90,95,57,92,14,0,0,8,2,9,11417,6587,18703,8169,0.927872860635697,0.492063492063492,0.683473389355742,0.673758865248227,"2023/09/12 11:06:51 da manhã CET","Masculine",24,"Student","I play video games occasionally when the opportunity presents itself.","I am not familiar with these games and/or have no formed opinion on them.","C","0","1","0","2","1","3","2","3","2","2","2","3","3","3","1","2","0","1","3","3","1","6","I've played with all 4 (four) companions","2","3","1","1","2","3","0","1","3","2","3","3","1","3","1","0","0","4","2","4","2","4","D","4","4","0","1","2","3","2","0","1","3","1","1","1","1","1","0","1","5","1","2","1","3","B","3","2","1","3","2","3","0","3","3","3","3","2","1","3","2","0","0","2","2","5","1","5","A","7","7","1","1","7","7","5","5","4","4","4","Self Challenger","Self Facilitator","Others' Challenger","Other's Facilitator","Self Challenger"
9,2,13,1,0,0,3,347,3531,78,67,38,35,2,0,1,3,7,0,1,0,0,1,0,3,148,150,91,93,39,81,2,13,6,0,7,13,13,3,0,7,0,1,743,399,86,82,19,40,0,0,0,14,12,1,2,0,1,2,112,246,88,91,57,65,15,0,0,5,2,20,5245,5933,11192,6519,0.990185081323612,0.649350649350649,0.908883826879271,0.790996784565916,"2023/09/12 12:10:54 da tarde CET","Masculine",19,"Student","I make some time in my schedule to play video games.","I enjoy them and have played/watched others play them multiple times.","C","0","0","0","4","3","3","4","4","3","2","4","4","1","3","1","4","4","3","4","3","2","7","B","1","2","0","1","0","2","0","1","1","2","1","3","0","3","1","0","2","5","1","2","2","3","D","3","2","2","1","2","4","3","3","3","2","2","2","2","2","1","1","3","5","1","3","2","5","A","3","3","3","3","3","3","0","4","4","4","4","3","2","3","4","0","0","2","4","4","2","7","I've played with all 4 (four) companions","6","7","1","1","7","7","6","5","5","5","5","Self Challenger","Self Facilitator","Others' Challenger","Other's Facilitator","Self Challenger"
10,3,12,0,0,0,2,3893,383,59,71,62,67,1,0,6,2,5,5,2,0,0,2,0,2,209,134,80,87,47,125,2,12,4,0,5,5,14,3,0,1,0,2,1464,203,63,82,37,110,0,3,3,4,5,1,3,1,2,2,130,198,84,88,65,93,14,0,0,7,2,4,10891,5319,4714,4718,0.851111111111111,0.517374517374517,0.648562300319489,0.680412371134021,"2023/09/12 12:52:59 da tarde CET","Masculine",20,"Student","I make some time in my schedule to play video games.","I enjoy them and have played/watched others play them multiple times.","B","0","0","0","2","0","4","2","1","1","0","2","3","4","4","0","1","2","1","5","2","1","4","I've played with all 4 (four) companions","2","2","2","0","0","3","1","2","2","1","2","3","0","3","3","1","0","3","2","5","1","2","C","4","4","1","2","2","2","2","1","0","4","0","0","1","0","0","0","1","5","2","2","1","4","D","3","2","1","3","4","2","0","4","3","3","3","3","1","1","2","0","0","2","2","5","2","6","A","5","5","1","2","6","5","2","5","4","4","3","Self Challenger","Self Facilitator","Others' Challenger","Other's Facilitator","Others' Facilitator"
11,3,12,0,0,0,1,21129,5625,58,50,48,120,0,0,0,1,6,0,2,0,0,1,1,4,3052,175,76,80,40,120,2,13,0,0,8,0,13,4,0,0,0,5,363,2337,66,64,39,118,0,1,0,11,0,1,2,0,1,17,1955,1122,64,55,71,127,12,0,0,0,2,3,3293,4306,4293,1950,0.97911227154047,0.593220338983051,0.95193482688391,0.898318654923939,"2023/09/12 2:34:29 da tarde CET","Feminine",26,"Student;Worker","I do not play video games.","I am not familiar with these games and/or have no formed opinion on them.","B","1","1","0","0","0","2","0","0","2","3","0","0","2","2","3","0","0","3","3","3","3","4","I've played with all 4 (four) companions","1","0","3","0","3","0","3","1","0","0","0","0","3","0","3","0","0","3","3","1","1","4","C","1","1","0","1","0","0","0","0","0","1","0","3","0","1","3","4","1","3","3","3","3","4","D","2","1","3","0","4","2","0","0","0","0","0","0","0","2","3","0","1","3","3","3","3","4","A","7","7","1","1","7","7","7","4","4","4","4","Others' Challenger","Other's Facilitator","Self Facilitator","Self Challenger","Self Facilitator"
12,3,13,1,2,0,0,231,427,87,87,31,81,1,0,2,8,12,4,1,0,0,0,0,2,162,95,91,95,39,164,2,13,9,4,6,5,13,3,0,1,2,6,320,323,93,89,22,78,0,2,7,23,6,1,3,0,1,2,118,183,88,88,60,90,13,0,2,7,5,2,12629,5779,10271,6297,0.840551181102362,0.366795366795367,0.805486284289277,0.67032967032967,"2023/09/12 3:14:44 da tarde CET","Masculine",26,"Student","I play video games occasionally when the opportunity presents itself.","I am not familiar with these games and/or have no formed opinion on them.","A","0","0","0","2","2","3","4","1","3","1","3","2","2","3","0","2","0","1","5","3","2","4","B","1","0","0","0","2","4","0","0","0","2","0","0","0","0","0","0","1","5","1","1","5","2","C","3","2","0","0","0","0","0","0","0","3","2","4","0","0","3","3","1","5","3","1","1","1","D","3","3","3","3","4","4","0","3","4","4","3","3","2","0","2","0","0","2","3","5","1","6","I've played with all 4 (four) companions","6","7","1","1","6","6","5","1","5","1","5","Self Facilitator","Self Challenger","Others' Challenger","Other's Facilitator","Others' Facilitator"
13,2,13,1,3,0,3,236,324,76,86,47,92,1,0,3,4,7,15,1,0,1,1,0,2,181,112,89,97,36,162,2,13,3,2,7,9,14,3,1,3,0,3,471,373,84,88,24,91,0,1,4,19,5,1,3,0,4,3,108,227,79,90,66,102,13,0,0,3,0,10,8798,7570,11402,5688,0.778846153846154,0.408759124087591,0.803879310344828,0.689969604863222,"2023/09/12 3:49:02 da tarde CET","Masculine",20,"Student","I make some time in my schedule to play video games.","I enjoy them and have played/watched others play them multiple times.","A","1","0","0","3","1","1","3","2","3","3","2","2","1","2","1","1","3","2","4","3","3","5","B","0","2","1","0","1","2","0","0","0","0","4","2","0","2","1","2","0","4","2","3","4","2","C","4","3","1","2","2","2","1","0","1","0","0","1","3","0","0","0","1","5","2","1","1","3","D","3","0","1","2","3","3","0","2","2","2","1","1","1","3","1","0","1","2","3","5","1","5","I've played with all 4 (four) companions","6","7","1","5","6","6","5","5","5","2","4","Self Facilitator","Self Challenger","Others' Challenger","Other's Facilitator","Self Facilitator"
14,2,13,0,0,0,3,303,458,82,82,34,85,1,0,2,10,10,0,1,0,0,0,0,3,152,111,90,93,45,158,2,13,9,3,7,0,13,4,1,0,2,10,282,362,89,88,20,100,0,0,5,22,1,1,2,0,0,5,102,214,94,92,55,112,14,0,2,6,2,1,4657,4591,8314,3117,0.843462246777164,0.412639405204461,0.783549783549784,0.656441717791411,"2023/09/12 4:23:31 da tarde CET","Feminine",21,"Student","I play video games occasionally when the opportunity presents itself.","I am not familiar with these games and/or have no formed opinion on them.","A","0","2","0","0","0","2","1","3","1","0","1","0","1","2","0","1","0","1","2","1","4","4","B","2","1","0","1","0","4","0","0","0","2","0","3","0","3","0","0","0","5","1","1","2","3","C","3","4","0","0","0","0","0","0","2","2","0","0","3","0","0","0","0","4","2","2","1","2","D","4","3","3","3","3","4","0","4","4","4","1","2","3","4","4","0","0","2","4","5","1","7","I've played with all 4 (four) companions","7","7","1","1","7","7","7","2","5","1","4","Self Challenger","Self Facilitator","Others' Challenger","Other's Facilitator","Others' Facilitator"
15,3,12,2,5,0,1,3006,4187,68,63,48,75,1,0,1,0,6,4,3,0,0,1,0,1,7392,122,68,86,53,172,0,13,3,3,3,0,14,4,1,2,1,3,5344,4005,71,71,20,109,0,0,1,12,4,1,2,1,2,1,112,392,71,69,68,119,12,0,1,3,2,1,6648,3680,5628,3250,0.982402627874237,0.414965986394558,0.973505104521147,0.767123287671233,"2023/09/12 5:07:42 da tarde CET","Masculine",23,"Student","I play video games occasionally when the opportunity presents itself.","I am not familiar with these games and/or have no formed opinion on them.","C","0","0","1","1","2","1","1","1","2","3","2","0","2","3","2","1","2","1","4","3","1","5","B","0","2","2","0","1","3","0","0","3","0","1","3","0","1","1","1","0","4","4","2","1","3","D","2","1","0","0","0","1","1","0","1","3","1","1","0","0","1","2","1","1","4","2","1","4","A","3","1","3","3","4","3","0","3","3","2","2","2","3","1","2","0","0","1","3","4","2","6","I've played with all 4 (four) companions","5","4","2","1","4","4","3","3","4","3","5","Self Challenger","Other's Facilitator","Self Facilitator","Others' Challenger","Others' Facilitator"
16,2,12,9,2,0,6,542,401,85,93,28,73,1,0,0,0,15,14,3,0,1,2,1,2,218,152,91,91,38,129,1,13,6,0,8,12,12,4,0,7,0,9,497,515,92,88,15,44,0,0,3,19,15,1,2,1,6,3,114,283,89,92,61,51,14,0,1,3,4,11,8186,10111,9200,8176,0.845991561181435,0.540925266903915,0.92128801431127,0.847305389221557,"2023/09/12 5:40:19 da tarde CET","Masculine",20,"Student","I make some time in my schedule to play video games.","I enjoy them and have played/watched others play them multiple times.","A","3","0","0","2","1","4","2","3","3","0","2","3","3","4","0","2","3","1","5","5","1","4","B","1","4","1","0","1","3","1","0","0","0","3","4","1","4","2","4","3","5","1","1","4","3","C","4","3","3","0","0","0","0","0","4","3","2","1","4","0","1","1","0","5","2","1","1","2","D","4","2","1","4","3","3","0","4","4","1","3","2","3","2","3","0","0","4","1","4","1","6","I've played with all 4 (four) companions","7","7","1","1","5","6","4","5","4","3","4","Self Challenger","Self Facilitator","Others' Challenger","Other's Facilitator","Self Challenger"
17,3,12,5,4,0,4,468,673,81,80,33,59,0,0,1,2,9,6,2,0,0,2,0,5,178,146,95,94,42,100,2,13,6,3,10,4,14,3,2,6,0,2,445,655,83,81,23,65,0,2,1,10,6,1,3,2,5,3,111,333,90,87,68,86,14,0,2,4,3,8,10132,4607,8656,6904,0.919398907103825,0.59349593495935,0.909722222222222,0.794749403341289,"2023/09/13 11:37:21 da manhã CET","Masculine",22,"Student","I make some time in my schedule to play video games.","I am not familiar with these games and/or have no formed opinion on them.","D","0","1","0","4","2","3","2","2","3","3","3","2","3","4","4","3","0","1","5","5","1","7","I've played with all 4 (four) companions","4","4","4","2","0","2","0","2","0","0","2","2","2","4","2","0","0","5","1","1","3","4","A","4","4","4","0","3","4","2","1","2","4","0","3","1","4","3","2","1","5","3","1","1","7","B","3","4","2","2","3","3","1","2","2","3","3","2","1","2","3","0","0","1","2","4","3","4","C","7","7","1","1","7","6","4","5","2","4","5","Self Facilitator","Self Challenger","Other's Facilitator","Others' Challenger","Self Facilitator"
18,3,14,4,3,0,1,486,351,71,91,28,36,0,0,1,4,7,10,1,0,3,3,0,0,221,136,92,96,40,92,2,13,3,2,15,11,13,4,1,7,1,0,303,255,87,93,18,49,0,3,3,17,19,1,3,0,3,1,88,253,81,95,85,65,14,0,8,2,3,22,10832,14335,12187,7591,0.906976744186046,0.596491228070175,0.838815789473684,0.79559748427673,"2023/09/13 12:15:58 da tarde CET","Masculine",21,"Student","I make some time in my schedule to play video games.","I enjoy them and have played/watched others play them multiple times.","C","2","1","0","3","4","2","4","4","4","2","3","4","4","4","3","3","2","1","4","2","1","6","B","2","4","3","4","4","4","1","4","3","4","3","4","1","4","3","0","0","5","1","2","3","7","D","4","4","2","2","4","2","4","0","4","4","3","4","1","2","3","3","3","5","3","1","1","6","A","3","4","4","3","4","4","0","4","4","4","4","4","3","4","4","0","0","4","2","4","1","7","I've played with all 4 (four) companions","7","7","1","1","6","7","5","4","5","4","5","Self Challenger","Self Facilitator","Others' Challenger","Other's Facilitator","Others' Facilitator"
19,1,12,1,0,0,1,344,9274,89,67,43,72,2,0,1,1,14,0,2,0,0,0,0,1,211,138,92,94,33,162,2,13,0,0,16,0,13,4,1,0,1,4,1783,381,82,81,18,85,0,0,0,14,0,1,2,1,0,1,1203,226,61,76,92,81,14,0,1,2,1,0,6366,13299,13950,3022,0.992296169484271,0.46,0.817596566523605,0.736156351791531,"2023/09/13 1:30:14 da tarde CET","Masculine",25,"Student","I play video games occasionally when the opportunity presents itself.","I enjoy them and have played/watched others play them multiple times.","A","0","0","0","1","0","0","2","0","3","2","0","0","0","0","3","0","0","3","2","3","3","3","B","0","1","0","0","0","2","0","1","0","0","0","0","0","2","1","2","0","4","1","1","3","2","C","2","0","1","0","0","0","0","0","2","2","0","2","3","0","0","1","0","5","1","2","1","2","D","3","2","2","2","1","2","0","2","0","0","0","2","1","2","2","0","0","1","2","5","1","6","I've played with all 4 (four) companions","4","4","2","1","4","4","1","1","5","1","2","Self Facilitator","Self Challenger","Others' Challenger","Other's Facilitator","Self Facilitator"
20,2,13,1,4,0,14,425,870,70,75,38,124,0,1,0,4,11,15,2,1,2,1,0,9,240,132,85,86,34,188,1,13,2,5,10,14,14,2,0,0,0,7,1016,276,79,77,23,117,1,0,1,14,8,0,3,0,0,13,116,341,89,87,63,149,13,1,0,3,6,13,3236,3578,6724,2997,0.875251509054326,0.4125,0.702290076335878,0.695918367346939,"2023/09/13 2:27:28 da tarde CET","Feminine",18,"Student","I make some time in my schedule to play video games.","I played/watched others play them enough to understand I do not appreciate them.","B","0","0","1","1","2","2","2","1","2","2","2","1","1","1","2","2","2","3","4","1","2","4","C","2","1","0","1","1","2","1","1","0","0","1","0","0","2","2","0","0","5","1","2","1","3","A","4","3","0","1","0","1","1","0","2","3","1","1","2","0","1","0","2","5","1","1","1","3","D","3","3","3","3","4","4","0","3","2","2","3","3","2","3","3","0","0","4","4","4","4","6","I've played with all 4 (four) companions","6","6","2","1","6","5","5","4","4","4","4","Self Challenger","Self Facilitator","Others' Challenger","Other's Facilitator","Others' Facilitator"
21,1,13,1,0,1,16,476,253,83,87,47,134,1,1,1,7,9,6,3,1,1,0,0,15,257,121,94,93,38,164,0,12,4,4,15,8,14,2,0,0,0,10,586,273,81,87,28,143,1,1,5,22,5,0,3,2,1,17,105,400,91,84,65,118,14,0,1,8,4,0,3972,2696,4320,1844,0.65374677002584,0.424561403508772,0.65625,0.772200772200772,"2023/09/13 3:01:43 da tarde CET","Feminine",18,"Student","I make some time in my schedule to play video games.","I am not familiar with these games and/or have no formed opinion on them.","B","0","0","0","4","0","0","4","0","2","2","3","2","0","3","0","3","3","4","4","4","4","7","I've played with all 4 (four) companions","2","1","0","2","4","2","0","4","4","4","4","2","4","4","1","0","0","4","3","4","4","7","D","3","3","0","0","0","0","1","0","1","0","0","1","0","0","0","0","0","3","5","4","1","3","A","4","1","1","4","3","4","0","4","3","3","2","3","3","4","3","1","2","4","5","3","4","7","C","7","7","1","1","7","7","7","5","5","4","4","Other's Facilitator","Self Facilitator","Self Challenger","Others' Challenger","Others' Facilitator"
22,0,13,6,5,0,0,324,7107,87,66,36,59,2,1,1,0,10,0,1,1,4,4,0,0,424,158,74,92,43,118,1,13,2,1,8,2,12,2,0,7,0,1,574,1212,88,78,24,67,2,1,0,18,1,0,3,7,3,0,137,816,88,81,48,78,14,0,0,1,7,1,8714,12527,15138,8304,0.991766675969858,0.572463768115942,0.947615324472244,0.912751677852349,"2023/09/13 3:40:23 da tarde CET","Masculine",22,"Student","I play video games occasionally when the opportunity presents itself.","I enjoy them and have played/watched others play them multiple times.","A","0","0","0","1","2","2","2","3","0","2","1","2","2","1","1","2","3","1","3","1","1","5","B","0","3","1","1","0","4","0","2","0","2","3","1","0","2","0","0","3","4","1","1","4","6","C","2","3","2","2","2","1","3","0","2","3","3","0","0","1","0","0","1","4","1","4","2","6","D","0","1","0","0","0","3","0","1","1","1","2","2","0","2","0","0","1","1","4","4","3","4","I've played with all 4 (four) companions","4","3","5","2","5","4","6","2","3","1","2","Self Challenger","Others' Challenger","Other's Facilitator","Self Facilitator","Self Challenger"
23,1,12,0,6,0,5,314,515,80,84,39,37,1,1,0,8,6,17,1,1,0,3,0,3,224,119,88,95,40,75,1,14,7,3,7,13,15,1,0,2,0,3,826,153,83,91,20,53,2,2,9,12,13,0,3,0,0,4,94,203,90,95,77,43,14,0,2,12,3,15,8458,4434,5374,3930,0.932971014492754,0.61340206185567,0.742718446601942,0.82520325203252,"2023/09/13 4:30:19 da tarde CET","Masculine",21,"Student","I play video games occasionally when the opportunity presents itself.","I enjoy them and have played/watched others play them multiple times.","D","0","0","0","1","3","1","2","1","3","2","1","3","2","2","2","3","1","4","2","3","4","4","B","2","2","3","2","3","2","0","3","3","3","2","1","2","1","2","0","0","3","2","3","2","5","I've played with all 4 (four) companions","2","1","0","3","2","3","3","0","1","1","3","3","3","2","3","3","3","2","1","5","1","5","A","3","3","1","1","2","2","0","2","3","3","2","4","1","4","2","3","2","1","5","5","1","3","C","7","7","1","1","6","6","4","4","5","2","4","Self Challenger","Other's Facilitator","Self Facilitator","Others' Challenger","Self Facilitator"
24,0,13,2,4,0,31,313,6070,77,81,45,54,2,1,0,3,8,6,2,1,2,0,0,21,286,172,90,90,40,109,0,12,4,0,14,8,13,4,0,0,1,24,316,722,89,83,25,70,0,2,3,20,6,0,3,0,0,28,120,1606,88,84,76,71,13,1,2,4,5,5,705,1495,1552,946,0.991182233834095,0.612099644128114,0.911616161616162,0.957662492546213,"2023/09/13 5:38:11 da tarde CET","Feminine",22,"Student","I play video games occasionally when the opportunity presents itself.","I am not familiar with these games and/or have no formed opinion on them.","C","0","1","0","2","2","2","2","1","1","1","2","2","1","1","1","2","2","1","4","2","2","6","D","3","3","3","3","3","3","0","3","3","3","2","2","3","3","3","2","0","4","2","1","3","6","A","2","1","0","2","1","1","3","0","2","2","0","2","1","2","1","1","1","4","2","4","2","6","B","4","3","1","3","3","3","0","4","3","3","1","3","3","3","1","2","0","2","2","5","1","7","I've played with all 4 (four) companions","6","6","1","1","6","6","4","3","4","3","4","Self Challenger","Others' Challenger","Self Facilitator","Other's Facilitator","Self Facilitator"
25,1,14,3,8,0,1,328,724,85,85,32,41,1,1,0,4,12,17,1,1,7,4,2,3,1268,162,86,97,29,118,1,12,0,2,17,17,14,3,4,10,0,1,426,465,87,94,19,63,0,0,0,19,18,0,2,3,11,1,106,598,85,88,66,43,15,1,0,0,0,8,13713,7746,15038,14595,0.94640522875817,0.578571428571429,0.880681818181818,0.932917316692668,"2023/09/14 11:28:28 da manhã CET","Masculine",22,"Student","I play video games occasionally when the opportunity presents itself.","I enjoy them and have played/watched others play them multiple times.","C","0","0","0","3","1","2","4","2","1","1","3","2","1","3","1","2","2","1","5","4","1","7","D","1","0","1","0","0","1","0","1","2","1","1","1","0","0","1","0","0","5","1","1","2","2","A","1","1","0","2","2","2","4","0","0","0","2","2","0","3","3","2","3","3","2","1","1","6","B","0","0","0","0","0","1","0","0","0","0","0","0","0","1","0","4","4","1","1","5","1","1","I've played with all 4 (four) companions","7","7","1","1","7","7","7","5","3","5","3","Self Facilitator","Self Challenger","Other's Facilitator","Others' Challenger","Self Facilitator"
26,0,12,2,0,0,3,183,805,77,70,39,33,3,1,1,8,6,0,2,1,2,1,0,1,180,124,84,98,38,129,1,13,7,1,8,0,14,1,0,2,0,1,422,198,83,91,22,75,2,6,2,12,0,0,3,0,0,0,111,170,92,89,63,100,13,1,2,6,5,0,4682,8323,8570,7841,0.960620525059666,0.490118577075099,0.725274725274725,0.62962962962963,"2023/09/14 12:00:01 da tarde CET","Masculine",20,"Student","I make some time in my schedule to play video games.","I enjoy them and have played/watched others play them multiple times.","C","0","0","0","2","3","4","3","2","1","2","2","1","2","4","1","2","1","3","4","2","1","6","B","3","3","2","3","2","4","1","3","1","4","3","3","2","4","2","0","0","4","2","1","2","6","D","1","2","0","1","1","1","1","2","2","1","1","1","3","0","1","1","0","5","1","2","2","3","A","4","3","3","3","3","4","0","4","3","3","3","3","2","4","4","0","0","1","4","3","2","6","I've played with all 4 (four) companions","6","6","2","1","7","6","5","4","5","4","5","Self Challenger","Self Facilitator","Others' Challenger","Other's Facilitator","Others' Facilitator"
27,0,13,2,0,0,29,293,5793,60,72,59,44,2,1,0,0,6,0,2,1,0,1,0,25,243,157,85,89,48,138,1,12,4,1,17,1,13,3,3,1,1,28,461,529,84,85,26,71,1,2,1,19,0,0,2,0,0,27,13409,225,59,90,102,69,12,1,4,2,5,0,737,805,1933,468,0.992461881103306,0.532203389830509,0.881666666666667,0.76530612244898,"2023/09/14 12:40:49 da tarde CET","Feminine",21,"Student","I play video games occasionally when the opportunity presents itself.","I enjoy them and have played/watched others play them multiple times.","C","2","2","1","4","1","1","4","3","3","2","3","3","2","3","2","2","2","4","3","2","3","7","B","2","0","3","0","1","4","0","1","1","1","1","3","0","4","1","1","1","2","2","1","1","3","D","0","1","2","2","2","2","3","0","1","1","1","2","2","2","3","2","3","4","4","4","2","6","A","4","1","4","4","4","3","1","4","3","3","4","2","3","1","4","4","2","4","4","3","2","7","I've played with all 4 (four) companions","7","7","1","1","7","1","6","4","4","4","4","Self Facilitator","Others' Challenger","Self Challenger","Other's Facilitator","Self Facilitator"
28,1,13,0,1,0,2,198,408,85,85,48,29,1,1,1,9,11,11,1,1,0,1,0,7,171,102,85,90,40,23,2,14,6,5,5,9,14,2,0,5,0,1,463,848,83,75,16,16,1,1,6,14,6,0,3,0,0,2,91,268,84,79,74,17,14,0,3,7,2,7,6250,3408,7211,4628,0.933638443935927,0.816,0.981481481481482,0.940350877192982,"2023/09/14 1:56:36 da tarde CET","Masculine",17,"Student","I make some time in my schedule to play video games.","I enjoy them and have played/watched others play them multiple times.","D","1","2","0","1","3","2","1","2","1","0","1","1","2","3","2","1","1","1","5","5","1","4","C","0","1","1","0","0","2","0","1","1","1","2","3","0","2","1","3","1","5","1","1","4","4","A","3","3","0","2","2","1","3","3","2","3","1","3","2","2","3","2","3","4","3","3","4","6","I've played with all 4 (four) companions","1","1","1","2","1","3","0","3","3","3","3","3","0","1","2","0","0","2","2","4","5","5","B","5","6","2","1","7","7","6","2","5","1","4","Self Challenger","Self Facilitator","Other's Facilitator","Others' Challenger","Self Facilitator"
29,2,14,0,3,0,8,398,392,78,87,29,115,0,1,0,4,8,9,0,1,4,1,0,4,245,180,87,94,35,152,2,13,0,0,11,3,14,2,4,0,0,3,549,230,84,90,17,115,1,0,0,18,7,0,3,7,0,5,160,277,83,89,53,115,14,0,2,1,5,7,5173,7510,9914,6363,0.773175542406312,0.542168674698795,0.666666666666667,0.706632653061224,"2023/09/14 2:34:12 da tarde CET","Masculine",19,"Student","I make some time in my schedule to play video games.","I enjoy them and have played/watched others play them multiple times.","C","0","0","0","2","2","3","2","3","4","1","1","1","4","3","3","1","1","1","4","4","1","5","B","2","3","3","2","1","4","0","1","1","1","3","3","1","3","3","0","0","4","1","1","4","6","I've played with all 4 (four) companions","4","1","0","0","0","1","2","0","3","3","1","2","0","1","1","3","1","1","1","4","4","5","D","2","3","3","3","2","3","0","2","1","1","1","1","2","4","4","0","0","1","4","4","1","5","A","6","6","1","1","7","7","5","5","2","5","2","Self Challenger","Other's Facilitator","Self Facilitator","Others' Challenger","Self Challenger"
30,0,13,1,5,0,6,207,854,76,80,55,33,2,1,2,1,3,10,0,1,2,6,0,4,209,235,91,94,40,59,3,14,3,3,9,14,14,3,3,3,0,3,494,386,68,81,23,17,0,1,0,9,8,0,4,1,4,3,127,649,79,83,70,22,13,0,0,2,5,12,3646,5992,6883,5275,0.962795941375423,0.799319727891156,0.957816377171216,0.967213114754098,"2023/09/14 4:27:00 da tarde CET","Masculine",19,"Student","I play video games occasionally when the opportunity presents itself.","I enjoy them and have played/watched others play them multiple times.","D","0","0","0","0","0","3","3","0","1","0","0","0","3","3","0","0","0","1","4","3","1","7","I've played with all 4 (four) companions","0","4","0","0","0","2","0","2","0","0","0","0","0","4","0","0","0","4","1","1","3","6","A","3","3","2","0","0","0","0","0","0","3","0","0","2","0","0","0","0","5","1","2","2","1","B","0","2","3","0","4","1","0","0","0","0","0","0","0","3","3","0","0","1","1","4","2","3","C","7","7","1","1","6","7","4","5","2","3","3","Self Challenger","Self Facilitator","Others' Challenger","Other's Facilitator","Self Challenger"
31,2,13,5,3,0,2,390,428,85,88,29,85,1,1,2,1,10,14,0,1,3,1,3,29,212,45,92,25,31,58,2,12,0,0,20,4,13,2,0,6,0,2,442,308,87,94,27,86,1,4,1,14,13,0,3,0,4,3,116,292,88,92,60,94,14,1,2,5,4,15,8126,769,10163,7303,0.834307992202729,0.436893203883495,0.781725888324873,0.756476683937824,"2023/09/14 5:09:55 da tarde CET","Masculine",22,"Student","I make some time in my schedule to play video games.","I played/watched others play them enough to understand I do not appreciate them.","B","0","0","0","1","0","2","2","0","2","1","1","0","2","3","1","0","0","4","4","4","3","5","C","3","1","1","1","1","0","0","2","1","0","1","0","0","3","4","0","0","2","1","4","3","5","A","2","2","0","1","1","0","3","0","0","1","0","1","0","0","1","0","0","5","2","3","1","4","D","2","2","4","2","3","3","0","3","0","0","0","0","0","3","3","0","0","2","2","4","3","6","I've played with all 4 (four) companions","6","7","1","1","6","6","5","4","5","4","4","Self Challenger","Self Facilitator","Others' Challenger","Other's Facilitator","Others' Challenger"
32,0,12,2,0,0,4,162,229,89,94,36,76,2,1,5,6,12,22,2,1,1,1,0,0,168,119,95,100,38,102,0,13,8,3,12,17,14,3,0,1,0,3,291,196,89,98,24,86,0,7,5,22,12,0,2,1,1,3,92,169,92,98,64,81,14,1,5,6,2,19,5641,14519,10444,5896,0.750819672131148,0.538461538461538,0.695035460992908,0.676,"2023/09/14 5:41:14 da tarde CET","Masculine",20,"Student","I make some time in my schedule to play video games.","I enjoy them and have played/watched others play them multiple times.","A","0","1","1","0","3","2","1","2","2","0","1","2","3","2","0","2","1","2","3","4","2","4","D","0","3","1","0","0","3","0","0","2","0","1","1","0","3","0","2","1","3","1","3","3","2","C","3","2","2","1","1","2","1","0","1","3","2","0","3","1","1","1","2","5","3","2","1","3","I've played with all 4 (four) companions","3","3","3","3","3","3","1","3","3","2","3","2","4","4","3","0","1","2","2","5","3","6","B","6","6","1","1","7","6","5","2","5","3","4","Self Facilitator","Self Challenger","Others' Challenger","Other's Facilitator","Others' Facilitator"
33,0,12,0,3,0,1,228,701,73,81,58,116,3,1,2,6,3,7,2,1,0,0,0,1,202,116,80,88,45,175,1,13,4,8,5,3,13,2,0,4,1,0,384,294,83,84,21,129,1,3,5,13,8,0,2,1,1,3,94,185,78,95,82,129,13,1,3,5,0,4,7398,4502,8184,4380,0.858017135862913,0.398625429553265,0.695035460992908,0.589171974522293,"2023/09/15 11:19:00 da manhã CET","Masculine",19,"Student","I make some time in my schedule to play video games.","I enjoy them and have played/watched others play them multiple times.","C","2","0","1","3","2","3","3","3","2","2","2","3","3","3","1","2","2","3","5","2","2","6","B","3","4","2","3","2","3","1","3","3","3","2","3","3","4","2","2","2","5","2","5","2","7","D","3","3","2","3","3","3","3","1","3","3","2","2","2","3","3","2","3","4","2","2","3","5","A","3","3","2","3","1","3","1","3","2","3","2","3","2","4","2","2","2","2","2","5","1","5","I've played with all 4 (four) companions","7","7","1","1","6","7","6","4","5","4","5","Self Challenger","Self Facilitator","Others' Challenger","Other's Facilitator","Others' Facilitator"
34,1,11,2,3,0,7,450,5321,82,66,39,102,1,1,1,4,12,0,1,1,0,2,1,9,201,146,95,97,44,128,1,13,5,1,11,8,15,3,2,1,0,9,561,328,79,83,26,89,0,2,4,17,5,0,3,1,1,15,110,312,94,93,62,94,14,0,1,4,6,6,4590,4849,7070,1418,0.981191222570533,0.532846715328467,0.786570743405276,0.768472906403941,"2023/09/15 11:58:10 da manhã CET","Masculine",22,"Student;Worker","I make some time in my schedule to play video games.","I am not familiar with these games and/or have no formed opinion on them.","C","2","1","0","1","1","2","1","1","2","1","1","0","1","2","1","0","1","1","4","4","1","3","B","1","3","3","2","3","3","3","2","1","1","1","2","2","4","3","2","3","5","1","1","5","2","D","3","1","1","0","1","1","2","0","3","3","1","2","0","0","2","1","0","5","1","1","1","4","A","3","3","2","3","2","2","1","1","2","1","1","2","2","2","2","1","1","2","4","4","2","5","I've played with all 4 (four) companions","4","5","2","2","5","5","2","3","5","3","4","Self Facilitator","Self Challenger","Others' Challenger","Other's Facilitator","Others' Facilitator"
35,1,13,7,0,0,6,4548,4040,74,64,30,42,2,1,0,6,10,1,1,1,0,2,0,3,163,90,93,94,45,128,2,14,5,8,9,15,14,3,3,7,0,2,1268,403,78,90,30,85,0,3,3,13,9,0,1,0,1,1,96,134,86,93,82,138,13,3,4,10,3,12,3180,4138,12766,3988,0.989710926016659,0.412844036697248,0.825819672131147,0.492647058823529,"2023/09/15 12:54:25 da tarde CET","Masculine",20,"Student","I make some time in my schedule to play video games.","I enjoy them and have played/watched others play them multiple times.","C","0","0","0","2","1","4","2","3","1","1","2","0","3","4","1","0","2","1","5","2","1","4","D","3","4","3","3","3","3","0","3","2","2","1","1","1","4","3","0","0","5","1","2","2","6","I've played with all 4 (four) companions","3","3","0","0","0","0","3","0","3","3","1","1","0","1","2","1","3","5","1","2","3","5","A","3","4","0","1","0","4","0","2","0","0","1","3","0","4","1","1","0","1","3","5","1","3","B","6","6","2","1","4","5","1","4","5","2","4","Self Challenger","Self Facilitator","Others' Challenger","Other's Facilitator","Self Challenger"
36,1,14,0,2,0,6,188,296,87,94,35,57,1,1,2,5,11,14,0,1,3,3,1,2,193,157,95,97,41,114,2,12,5,0,13,16,13,3,1,3,1,4,282,195,84,93,22,86,0,1,6,20,15,0,1,1,5,5,108,190,98,94,67,85,14,2,2,5,7,11,6448,7543,7349,5651,0.838526912181303,0.579335793357934,0.693950177935943,0.690909090909091,"2023/09/15 2:38:45 da tarde CET","Masculine",18,"Student","I make some time in my schedule to play video games.","I played/watched others play them enough to understand I do not appreciate them.","C","0","0","0","3","0","1","3","1","0","0","3","3","2","1","0","1","2","2","5","3","2","6","D","3","2","2","3","3","2","0","3","3","3","4","3","2","2","1","0","0","3","2","5","1","6","A","2","2","2","1","2","3","1","0","2","1","0","1","2","1","3","0","1","5","3","2","2","4","B","4","3","4","3","3","2","0","4","4","3","3","2","3","2","4","0","0","3","3","4","3","7","I've played with all 4 (four) companions","5","5","5","3","3","4","2","3","5","4","5","Self Challenger","Self Facilitator","Others' Challenger","Other's Facilitator","Self Facilitator"
37,1,13,1,2,0,9,249,364,83,89,41,56,1,1,2,4,9,11,2,1,4,0,0,5,313,115,93,97,23,118,0,13,1,5,20,3,14,3,1,1,0,3,535,276,89,91,23,86,0,0,6,18,7,0,3,3,1,12,120,274,87,90,53,80,14,1,0,4,4,6,6465,9046,14891,4086,0.866666666666667,0.493562231759657,0.762430939226519,0.774011299435028,"2023/09/15 3:40:36 da tarde CET","Masculine",18,"Student","I play video games occasionally when the opportunity presents itself.","I enjoy them and have played/watched others play them multiple times.","C","1","0","2","1","1","3","2","3","0","0","1","1","1","2","1","1","3","1","5","3","1","6","D","3","3","3","2","3","2","0","3","2","0","3","1","0","0","4","0","2","3","1","4","1","6","A","2","2","0","2","2","2","4","0","1","1","2","3","0","0","3","3","3","4","3","3","3","5","B","3","1","3","3","3","1","0","3","3","0","3","0","0","1","3","0","0","2","3","4","2","6","I've played with all 4 (four) companions","6","6","1","1","5","5","5","3","5","3","4","Self Challenger","Others' Challenger","Self Facilitator","Other's Facilitator","Self Facilitator"
38,1,12,3,1,0,10,540,881,85,77,50,73,1,1,0,2,14,8,1,1,1,0,0,12,183,100,89,92,42,119,2,14,6,6,9,12,12,1,1,2,0,8,395,2209,85,76,25,69,2,0,4,22,7,0,1,0,0,13,125,220,93,89,67,90,14,2,3,7,6,7,4494,2249,4118,1098,0.923480083857442,0.45662100456621,0.969710272168569,0.709677419354839,"2023/09/15 4:17:05 da tarde CET","Feminine",21,"Student","I play video games occasionally when the opportunity presents itself.","I am not familiar with these games and/or have no formed opinion on them.","D","0","0","1","1","0","1","1","0","0","0","0","0","1","1","0","0","3","1","5","1","1","3","C","0","0","0","0","0","1","0","0","0","0","0","0","1","0","1","1","1","5","1","2","2","3","I've played with all 4 (four) companions","1","2","1","0","0","0","0","0","0","0","0","0","1","0","0","0","0","5","1","2","1","2","B","2","2","2","3","1","2","0","3","0","0","0","0","1","2","3","0","0","1","2","4","2","5","A","4","4","3","1","4","4","2","2","5","3","4","Self Challenger","Self Facilitator","Others' Challenger","Other's Facilitator","Self Facilitator"
39,2,13,8,2,0,1,500,27882,85,41,30,7,0,1,1,5,11,4,1,1,3,1,0,1,211,108,87,90,30,65,1,14,4,4,16,6,13,1,2,4,0,3,362,412,82,84,24,49,2,2,3,17,13,0,2,2,0,1,99,157,76,78,79,65,14,1,2,10,2,5,8048,6751,8395,4054,0.999749004984044,0.624277456647399,0.893709327548807,0.707207207207207,"2023/09/15 5:13:43 da tarde CET","Masculine",19,"Student","I make some time in my schedule to play video games.","I played/watched others play them enough to understand I do not appreciate them.","A","3","4","0","2","0","4","0","1","0","0","0","2","4","4","0","2","0","2","3","4","2","3","B","4","4","3","4","4","4","0","4","4","4","2","4","4","4","4","0","0","4","1","4","1","7","C","1","4","2","0","0","0","0","0","3","0","4","4","2","0","4","4","3","5","1","1","1","2","D","4","0","2","4","4","4","0","4","4","2","0","0","4","4","0","0","0","1","2","5","1","7","I've played with all 4 (four) companions","7","7","1","1","7","7","7","3","3","3","3","Self Challenger","Self Facilitator","Others' Challenger","Other's Facilitator","Others' Challenger"
40,2,12,4,0,0,18,669,1007,81,82,34,84,0,1,0,3,13,5,1,1,2,1,0,8,340,137,84,92,34,136,2,13,1,0,10,3,13,3,1,0,0,12,308,306,92,91,25,91,0,2,4,19,6,0,3,0,2,12,101,372,94,88,60,91,14,0,1,3,6,5,2457,5596,5444,2425,0.923006416131989,0.501831501831502,0.770780856423174,0.803455723542117,"2023/09/19 11:57:57 da manhã CET","Masculine",18,"Student","I play video games occasionally when the opportunity presents itself.","I played/watched others play them enough to understand I do not appreciate them.","D","2","2","0","0","0","4","0","3","0","0","0","0","1","0","0","0","0","1","4","3","1","1","I've played with all 4 (four) companions","0","1","0","0","1","2","0","1","1","1","1","3","0","2","1","2","1","2","3","2","1","1","A","3","2","0","3","3","2","1","0","1","3","1","2","0","0","2","1","2","4","3","3","4","6","B","3","1","0","2","1","2","0","4","3","2","1","0","3","0","1","0","0","3","4","3","2","4","C","6","5","1","1","6","5","6","1","4","3","5","Self Challenger","Others' Challenger","Self Facilitator","Other's Facilitator","Others' Facilitator"
41,2,13,0,0,0,12,12676,815,58,61,59,64,0,1,0,1,4,2,1,1,0,3,0,9,402,148,86,85,60,156,1,13,2,1,9,5,13,1,1,2,0,6,4920,332,69,76,31,105,2,0,4,10,2,0,3,0,0,10,119,248,81,88,74,93,13,1,0,6,5,6,2458,2613,3779,1708,0.927189988623436,0.486842105263158,0.759725400457666,0.727272727272727,"2023/09/19 12:33:30 da tarde CET","Masculine",18,"Student","I play video games occasionally when the opportunity presents itself.","I am not familiar with these games and/or have no formed opinion on them.","C","1","1","2","2","3","1","3","2","3","3","3","2","0","3","2","3","3","2","1","3","5","6","D","3","3","3","4","4","4","0","3","3","3","3","2","3","4","3","0","1","4","3","1","2","6","A","2","1","2","1","1","1","1","4","0","2","1","3","2","1","4","2","3","5","5","1","1","3","B","1","0","3","1","3","3","0","2","1","1","2","4","1","1","3","2","3","1","1","4","3","4","I've played with all 4 (four) companions","7","7","1","1","7","7","5","4","4","3","3","Self Facilitator","Other's Facilitator","Others' Challenger","Self Challenger","Self Facilitator"
42,0,13,2,0,0,5,219,245,89,93,40,94,2,1,3,7,12,11,2,1,0,1,0,4,181,117,92,94,43,159,0,13,7,4,10,9,13,4,1,0,1,8,273,217,92,97,19,98,0,4,6,21,12,0,3,1,3,10,117,304,94,94,58,86,13,1,2,4,3,10,6747,5151,6542,4010,0.722713864306785,0.423913043478261,0.688888888888889,0.779487179487179,"2023/09/19 2:52:40 da tarde CET","Masculine",17,"Student","I play video games occasionally when the opportunity presents itself.","I enjoy them and have played/watched others play them multiple times.","B","0","0","2","3","3","3","2","0","2","3","3","3","3","2","2","3","2","3","4","3","2","5","C","0","1","2","0","1","2","2","1","0","0","1","2","0","1","2","1","1","3","2","2","3","2","A","4","3","1","0","0","0","0","4","3","2","2","2","2","0","0","1","0","5","1","1","1","2","D","4","4","2","4","4","4","0","4","3","3","2","3","4","4","3","0","0","4","1","5","1","7","I've played with all 4 (four) companions","6","6","2","1","6","5","3","2","5","4","5","Self Facilitator","Self Challenger","Others' Challenger","Other's Facilitator","Self Facilitator"
43,1,11,2,0,0,6,505,1630,79,72,40,51,0,1,1,0,14,1,3,1,0,0,0,5,298,178,87,84,30,87,0,13,4,1,9,0,13,3,1,0,0,7,1762,940,82,67,33,74,0,2,0,11,1,0,4,1,0,13,144,4706,86,64,67,36,13,0,1,1,1,2,7450,4515,4748,2101,0.969660916121356,0.671698113207547,0.927021696252465,0.992408266554197,"2023/09/19 3:59:59 da tarde CET","Masculine",18,"Student","I play video games occasionally when the opportunity presents itself.","I am not familiar with these games and/or have no formed opinion on them.","B","1","2","0","0","0","3","0","2","0","1","0","0","3","2","0","0","0","1","5","2","2","3","I've played with all 4 (four) companions","2","0","1","0","1","0","0","2","3","3","0","0","0","0","2","0","2","4","2","3","2","5","D","4","3","0","0","0","0","0","0","4","3","4","4","2","0","2","3","0","5","1","5","4","4","A","3","2","3","3","3","1","0","3","4","4","1","4","0","4","0","0","0","1","1","5","1","6","C","5","7","3","2","4","4","1","1","5","2","5","Self Challenger","Self Facilitator","Others' Challenger","Other's Facilitator","Others' Facilitator"
44,0,13,0,2,0,2,198,396,86,87,43,82,2,1,1,7,10,14,0,1,0,2,0,1,252,109,91,95,33,140,2,12,0,6,11,11,13,4,0,1,2,1,402,248,90,87,21,95,0,0,2,19,8,0,2,0,0,1,111,158,87,90,65,126,14,1,1,8,4,11,8311,5728,9094,6588,0.828451882845188,0.437751004016064,0.723032069970845,0.556338028169014,"2023/09/19 4:48:24 da tarde CET","Masculine",17,"Student","I play video games occasionally when the opportunity presents itself.","I enjoy them and have played/watched others play them multiple times.","A","0","0","0","3","2","4","3","3","3","3","4","2","3","4","3","2","1","4","4","3","3","5","C","2","3","3","1","2","3","0","2","1","1","2","3","0","4","2","1","0","5","1","2","3","3","D","4","3","3","0","0","0","0","0","3","1","0","3","3","0","1","3","0","5","1","2","1","1","B","3","2","2","3","2","3","0","3","3","3","3","3","2","3","3","0","0","1","1","5","2","6","I've played with all 4 (four) companions","7","7","1","1","7","7","7","2","5","2","5","Self Challenger","Self Facilitator","Others' Challenger","Other's Facilitator","Others' Facilitator"
45,1,12,1,0,0,2,212,254,71,84,37,101,1,1,1,6,7,6,1,1,1,0,0,1,252,118,79,94,55,130,1,13,7,4,5,9,13,3,0,1,0,6,425,226,78,90,30,99,0,4,5,15,13,0,2,1,0,0,106,161,90,92,61,104,14,1,1,9,2,15,5869,5964,5358,5356,0.715492957746479,0.475806451612903,0.695384615384615,0.607547169811321,"2023/09/20 12:35:55 da tarde CET","Masculine",18,"Student","I play video games occasionally when the opportunity presents itself.","I am not familiar with these games and/or have no formed opinion on them.","C","2","2","0","0","1","2","1","3","2","0","1","0","1","3","3","3","1","2","5","2","1","2","D","2","1","2","2","2","3","0","3","2","2","4","3","2","1","1","0","0","4","1","3","1","5","I've played with all 4 (four) companions","3","2","1","2","2","3","4","0","3","1","1","2","0","1","3","1","3","4","2","3","2","5","A","4","3","3","4","4","4","0","3","2","3","2","3","3","3","2","0","0","1","2","5","2","7","B","7","7","2","3","4","5","4","1","5","1","5","Self Challenger","Self Facilitator","Others' Challenger","Other's Facilitator","Self Facilitator"
46,1,13,5,4,0,4,212,632,93,86,29,44,2,1,4,2,9,5,0,1,3,1,0,0,211,125,89,98,42,104,2,11,4,3,12,2,15,1,0,6,0,2,441,3582,86,78,25,55,2,3,3,18,4,0,4,1,7,4,98,625,84,85,71,44,14,0,3,0,1,8,11042,15704,8577,6665,0.93491124260355,0.54585152838428,0.984877646411878,0.93423019431988,"2023/09/20 3:51:02 da tarde CET","Masculine",18,"Student","I make some time in my schedule to play video games.","I am not familiar with these games and/or have no formed opinion on them.","A","0","0","0","3","2","2","3","1","2","1","3","4","2","1","1","4","2","3","3","3","3","5","B","3","3","0","2","0","3","0","3","4","4","0","3","1","4","0","0","1","5","1","1","4","5","C","3","3","0","1","4","4","1","0","2","3","2","3","0","1","3","2","2","5","1","3","1","4","D","2","2","0","2","0","3","0","3","4","4","1","3","0","3","1","0","0","1","1","5","2","6","I've played with all 4 (four) companions","4","4","3","3","4","4","3","3","4","4","4","Self Challenger","Self Facilitator","Others' Challenger","Other's Facilitator","Self Facilitator"
47,1,13,0,1,0,3,387,1655,76,86,44,52,1,1,0,0,8,6,2,1,0,0,1,0,294,121,86,91,32,101,0,13,0,0,15,3,11,2,0,2,1,0,755,6201,79,63,27,57,1,0,0,13,0,0,3,3,0,1,122,2020,88,64,56,47,14,0,0,0,4,0,7519,5934,5607,5423,0.969537199765671,0.545045045045045,0.990891658676894,0.977261731978713,"2023/09/20 4:38:06 da tarde CET","Masculine",19,"Student","I make some time in my schedule to play video games.","I enjoy them and have played/watched others play them multiple times.","A","2","3","0","1","2","2","1","1","1","2","1","2","0","0","0","2","0","2","3","2","3","4","B","1","0","0","0","0","1","0","1","1","1","0","2","1","0","0","2","2","3","2","2","2","3","C","0","0","2","0","0","0","0","0","2","0","0","0","2","1","0","0","0","2","2","2","2","4","D","1","0","0","0","0","0","1","0","0","0","0","0","0","0","0","2","2","2","2","2","2","4","I've played with all 4 (four) companions","4","4","3","3","2","3","1","2","3","1","1","Self Facilitator","Other's Facilitator","Others' Challenger","Self Challenger","Self Challenger"
48,1,14,1,0,0,2,424,811,76,76,46,38,1,1,2,6,6,0,1,1,1,0,0,2,175,94,91,94,32,129,2,13,3,6,9,0,14,1,2,3,0,1,450,231,77,88,17,62,2,1,1,12,5,0,2,0,0,1,102,200,85,91,63,65,13,1,0,7,1,0,5697,7996,9577,7265,0.955241460541814,0.42152466367713,0.78839590443686,0.754716981132076,"2023/09/20 5:27:57 da tarde CET","Masculine",21,"Student","I play video games occasionally when the opportunity presents itself.","I enjoy them and have played/watched others play them multiple times.","B","0","0","0","2","4","1","3","0","1","2","3","2","4","2","2","3","3","2","5","1","2","6","I've played with all 4 (four) companions","3","3","2","3","4","3","0","3","2","2","0","2","3","2","1","0","0","2","1","1","4","6","C","4","3","0","1","0","0","1","3","3","4","2","2","2","0","1","0","0","5","1","2","1","2","D","4","4","4","4","4","4","0","4","4","4","2","4","4","4","4","0","0","1","2","4","3","6","A","7","5","1","1","6","6","1","5","5","2","4","Self Challenger","Others' Challenger","Self Facilitator","Other's Facilitator","Self Facilitator"
49,2,13,4,0,0,2,308,416,71,82,35,105,0,1,4,4,7,8,0,1,3,2,0,3,228,125,81,92,41,164,3,13,3,3,12,11,14,3,0,2,0,2,533,262,74,86,27,99,0,3,4,11,8,0,2,0,2,1,124,355,82,83,66,87,13,1,1,3,4,8,6414,5030,6767,11610,0.798464491362764,0.432525951557093,0.725761772853186,0.80316742081448,"2023/09/21 11:45:34 da manhã CET","Masculine",18,"Student","I make some time in my schedule to play video games.","I am not familiar with these games and/or have no formed opinion on them.","B","3","0","0","1","0","3","1","4","0","1","1","1","2","3","0","1","0","1","5","4","1","3","C","1","0","4","3","3","2","0","4","3","3","3","4","2","3","3","0","0","2","3","1","1","5","A","4","2","3","1","2","3","2","0","3","3","1","1","2","2","1","2","1","5","4","1","2","4","D","3","1","3","3","4","2","0","3","2","3","3","2","3","2","3","0","0","1","3","5","2","5","I've played with all 4 (four) companions","5","6","2","6","5","5","4","4","5","2","5","Self Facilitator","Others' Challenger","Self Challenger","Other's Facilitator","Others' Facilitator"
50,0,12,3,2,0,2,862,360,76,85,39,52,2,1,0,1,9,6,2,1,0,1,0,0,205,140,87,95,33,102,1,13,2,1,13,8,13,1,1,1,0,1,332,208,88,94,15,96,2,2,0,17,10,0,3,4,1,1,134,215,91,95,53,90,12,1,0,0,10,9,8802,10527,28898,13720,0.87378640776699,0.578512396694215,0.684210526315789,0.704918032786885,"2023/09/21 12:59:40 da tarde CET","Masculine",19,"Student","I play video games occasionally when the opportunity presents itself.","I played/watched others play them enough to understand I do not appreciate them.","D","0","0","0","2","0","2","2","0","1","0","2","0","1","2","0","0","2","2","5","5","1","7","I've played with all 4 (four) companions","1","2","2","0","0","1","1","0","0","0","0","0","0","1","1","1","0","4","1","1","5","3","A","3","2","0","0","0","0","1","1","1","2","0","2","3","0","0","0","1","4","1","4","1","2","B","2","2","3","2","1","3","0","2","2","2","2","2","0","3","3","0","0","1","1","4","3","3","C","7","6","2","1","5","5","4","5","1","5","2","Self Challenger","Others' Challenger","Self Facilitator","Other's Facilitator","Self Challenger"
51,0,12,3,0,0,2,174,287,87,89,41,75,2,1,4,4,8,13,1,1,6,0,0,1,250,120,91,96,29,137,1,13,2,3,14,8,14,1,0,4,0,1,565,399,75,74,25,71,2,0,3,11,14,0,2,2,0,3,112,165,92,94,64,104,14,1,3,6,4,8,12960,10215,10405,7110,0.792817679558011,0.466926070038911,0.848936170212766,0.613382899628253,"2023/09/21 1:40:31 da tarde CET","Masculine",19,"Student","I play video games occasionally when the opportunity presents itself.","I enjoy them and have played/watched others play them multiple times.","A","2","0","0","2","2","2","3","3","1","1","1","3","0","3","0","0","0","1","5","2","3","3","B","2","2","1","2","2","3","0","3","3","3","2","3","3","2","3","0","0","4","3","2","3","5","C","3","3","0","2","3","3","4","0","3","3","2","3","0","2","3","3","3","4","2","2","4","6","D","4","3","3","4","4","3","0","4","3","3","3","3","4","3","3","0","0","1","1","5","3","7","I've played with all 4 (four) companions","7","7","1","1","7","7","7","3","5","4","2","Self Challenger","Self Facilitator","Others' Challenger","Other's Facilitator","Self Facilitator"
52,0,13,2,0,0,7,283,285,86,93,35,103,2,1,1,9,10,9,0,1,0,1,0,4,227,90,85,95,45,74,2,13,3,4,8,0,13,2,0,2,0,8,620,284,81,89,18,81,2,0,5,14,10,0,2,2,1,6,127,219,92,95,55,118,14,1,0,6,4,6,6004,4307,5750,4798,0.734536082474227,0.548780487804878,0.778082191780822,0.649851632047478,"2023/09/21 3:43:12 da tarde CET","Masculine",20,"Student","I make some time in my schedule to play video games.","I enjoy them and have played/watched others play them multiple times.","D","0","0","0","3","3","3","1","1","3","3","2","2","2","3","3","2","3","1","5","2","1","6","B","1","3","4","2","3","4","0","2","2","2","3","3","0","4","4","3","1","4","4","2","4","5","C","4","4","3","0","0","0","1","0","4","4","4","4","4","0","4","4","4","5","1","2","1","3","I've played with all 4 (four) companions","3","2","1","3","1","2","0","3","1","1","1","3","2","4","2","0","0","1","4","3","3","6","A","6","6","2","2","5","5","4","2","4","1","1","Self Challenger","Self Facilitator","Others' Challenger","Other's Facilitator","Self Facilitator"
53,1,14,0,1,0,0,234,436,81,87,53,77,1,1,2,4,6,12,2,1,0,5,0,0,365,154,87,92,38,127,0,13,3,0,8,11,14,1,0,1,0,1,2094,250,78,87,26,98,2,3,2,14,13,0,3,0,1,2,146,189,82,85,64,101,13,0,0,5,1,10,14711,10694,7425,5180,0.84990253411306,0.548042704626335,0.718390804597701,0.651724137931034,"2023/09/21 4:34:13 da tarde CET","Masculine",21,"Student","I make some time in my schedule to play video games.","I enjoy them and have played/watched others play them multiple times.","B","0","0","0","1","2","4","0","0","2","1","0","0","3","3","1","0","0","2","5","3","1","5","C","0","1","0","0","1","3","0","1","0","0","2","0","0","3","2","0","0","2","2","1","5","4","A","2","3","0","0","0","0","3","0","0","4","2","2","2","0","3","1","1","5","2","3","1","6","D","2","4","2","2","3","4","0","3","0","0","2","0","0","4","3","0","0","4","2","5","1","6","I've played with all 4 (four) companions","4","5","3","2","3","5","2","2","5","4","3","Self Challenger","Self Facilitator","Others' Challenger","Other's Facilitator","Others' Facilitator"
54,1,14,1,4,0,47,233,32523,95,67,35,32,1,1,0,1,16,0,1,1,0,0,0,28,321,152,78,89,72,141,1,13,1,0,10,0,12,1,1,1,0,23,3867,676,79,71,41,101,2,0,1,12,0,0,1,2,0,31,120,330,73,87,83,84,13,3,0,1,6,0,0,1091,1723,312,0.999017048072493,0.51877133105802,0.87001287001287,0.797101449275362,"2023/09/21 5:29:47 da tarde CET","Feminine",24,"Student","I play video games occasionally when the opportunity presents itself.","I am not familiar with these games and/or have no formed opinion on them.","C","0","0","0","3","4","1","3","3","4","4","2","4","1","2","4","4","2","3","3","3","3","5","B","2","1","1","2","2","2","0","2","2","2","2","2","3","3","2","0","0","3","3","3","3","5","D","4","4","3","1","0","0","1","0","2","4","0","0","2","2","0","0","1","4","2","2","2","3","A","3","3","2","3","2","3","0","2","3","3","3","3","1","3","2","0","0","2","4","4","2","5","I've played with all 4 (four) companions","4","6","1","1","5","6","3","3","3","3","3","Other's Facilitator","Self Facilitator","Others' Challenger","Self Challenger","Self Facilitator"
55,0,13,4,0,0,5,261,789,78,81,25,74,2,1,0,0,9,6,1,1,4,0,0,5,180,168,88,91,29,152,2,13,2,0,11,8,12,3,2,1,1,7,263,245,89,90,17,105,1,2,0,22,9,0,2,2,0,6,120,235,89,93,54,100,13,2,0,1,4,6,7272,6657,8357,4963,0.914252607184241,0.525,0.7,0.701492537313433,"2023/09/21 6:03:26 da tarde CET","Masculine",19,"Student","I play video games occasionally when the opportunity presents itself.","I enjoy them and have played/watched others play them multiple times.","A","0","0","0","2","1","1","1","1","1","2","1","2","3","2","1","1","1","2","2","4","4","4","B","1","0","0","0","1","2","0","1","1","1","0","0","0","1","0","0","0","5","2","2","4","3","C","2","2","0","0","1","0","0","0","0","2","0","1","0","0","1","0","0","5","1","5","1","1","D","3","2","2","2","2","2","0","2","3","3","3","3","2","3","2","0","0","2","4","5","1","6","I've played with all 4 (four) companions","4","5","2","2","5","5","4","4","4","4","4","Others' Challenger","Self Challenger","Self Facilitator","Other's Facilitator","Self Challenger"
56,1,13,0,0,0,1,435,430,70,79,47,85,1,1,0,3,6,7,1,1,0,0,0,1,363,122,77,97,44,133,1,13,3,1,4,5,13,3,1,0,0,0,6230,280,57,79,51,127,0,0,5,6,13,0,3,0,0,1,101,192,83,85,81,120,12,1,1,6,5,10,6475,7990,4195,5792,0.83495145631068,0.47843137254902,0.687960687960688,0.615384615384615,"2023/09/22 12:55:05 da tarde CET","Masculine",18,"Student","I play video games occasionally when the opportunity presents itself.","I enjoy them and have played/watched others play them multiple times.","A","2","2","0","1","0","3","2","0","2","1","1","2","2","1","3","2","0","3","3","3","4","5","B","2","3","2","0","0","1","0","2","2","2","0","0","0","2","1","0","0","4","2","3","2","6","C","3","2","0","0","2","2","1","0","0","3","0","2","0","0","1","2","1","5","2","2","2","6","D","2","1","1","0","1","1","0","0","1","1","0","0","0","1","1","0","0","1","2","3","1","6","I've played with all 4 (four) companions","4","6","2","2","4","4","5","3","5","3","4","Other's Facilitator","Self Facilitator","Others' Challenger","Self Challenger","Others' Facilitator"
57,2,13,1,4,0,10,13401,2980,62,49,48,122,0,1,1,0,5,0,0,1,1,2,0,3,8625,224,70,60,41,164,2,12,2,0,4,0,14,1,0,0,0,17,1590,417,64,47,39,164,2,0,0,6,0,0,2,0,0,13,245,367,69,53,79,153,13,1,0,0,2,0,2158,2517,1932,1288,0.96067053513862,0.577319587628866,0.717728055077453,0.705769230769231,"2023/09/22 1:30:12 da tarde CET","Feminine",22,"Student","I play video games occasionally when the opportunity presents itself.","I am not familiar with these games and/or have no formed opinion on them.","A","1","0","0","2","2","1","0","3","0","1","3","2","1","3","1","2","1","2","3","3","3","5","B","3","0","0","1","1","3","1","1","1","1","1","1","0","1","1","0","0","3","3","1","2","3","C","3","4","3","4","3","3","4","0","3","3","3","2","0","3","3","2","3","4","2","2","2","6","D","2","2","2","1","2","2","2","2","1","2","1","2","1","1","1","0","0","4","4","5","2","4","I've played with all 4 (four) companions","6","6","2","2","4","6","3","5","2","4","2","Self Challenger","Others' Challenger","Other's Facilitator","Self Facilitator","Self Facilitator"
58,0,12,4,1,0,3,553,764,74,83,37,91,2,1,0,2,8,3,0,1,1,2,0,1,189,123,92,97,46,169,2,14,4,2,5,5,15,2,2,5,1,4,1950,280,67,87,25,96,1,1,1,10,4,0,1,2,3,1,124,167,78,90,65,120,14,2,0,5,4,1,10347,9352,5644,5601,0.893567251461988,0.421232876712329,0.74468085106383,0.581881533101045,"2023/09/22 4:08:47 da tarde CET","Masculine",24,"Student","I make some time in my schedule to play video games.","I enjoy them and have played/watched others play them multiple times.","C","0","0","0","1","0","2","3","1","1","2","3","4","1","3","0","3","3","2","5","1","1","5","D","0","4","1","0","0","3","0","0","0","2","1","3","0","4","1","3","0","4","2","2","4","2","A","4","4","0","3","3","0","2","0","1","4","0","0","0","0","1","0","3","5","2","1","2","4","B","3","3","3","3","2","3","0","3","3","4","1","3","2","4","2","0","0","2","5","4","2","6","I've played with all 4 (four) companions","5","6","2","2","6","5","3","5","4","2","5","Self Challenger","Others' Challenger","Self Facilitator","Other's Facilitator","Self Challenger"
59,1,14,0,0,0,1,586,438,67,80,42,100,1,1,0,7,5,0,1,1,2,0,0,4,265,99,87,96,29,173,2,12,1,6,8,0,13,3,0,0,1,3,372,164,88,90,22,128,0,1,10,14,1,0,1,0,0,1,118,144,88,89,59,130,13,3,0,7,4,0,8106,4026,5022,6515,0.814126394052045,0.363970588235294,0.561643835616438,0.525547445255474,"2023/09/22 4:54:53 da tarde CET","Masculine",25,"Student;Worker","I play video games occasionally when the opportunity presents itself.","I am not familiar with these games and/or have no formed opinion on them.","A","0","1","0","1","0","0","0","1","0","0","2","2","0","0","0","0","0","3","2","4","2","5","B","2","0","0","0","0","2","0","2","2","2","1","1","0","0","0","0","0","4","1","3","3","6","C","1","4","0","0","0","0","0","0","0","1","0","0","3","0","0","0","0","5","1","3","1","1","D","2","1","0","1","1","2","0","2","0","0","0","2","0","1","0","0","0","3","4","3","4","4","I've played with all 4 (four) companions","6","6","2","2","6","6","7","1","5","2","3","Self Challenger","Other's Facilitator","Others' Challenger","Self Facilitator","Self Facilitator"
