study_ID,companion_Type,score,combo,event_Type,event_Actuator,event_Receiver,time_Seconds
0,3,0,0,BUFF,COMPANION,PLAYER_ENEMY,6
0,3,0,0,NERF,PLAYER,COMPANION_ENEMY,6
0,3,0,0,BUFF,PLAYER,COMPANION_ENEMY,6
0,3,0,0,NERF,PLAYER,PLAYER_ENEMY,6
0,3,0,0,BUFF,PLAYER,PLAYER_ENEMY,6
0,3,0,0,HIT,COMPANION,COMPANION_ENEMY,7
0,3,0,0,HIT,COMPANION,COMPANION_ENEMY,8
0,3,0,0,HIT,PLAYER,PLAYER_ENEMY,8
0,3,0,0,HIT,PLAYER,PLAYER_ENEMY,8
0,3,0,0,HIT,PLAYER,PLAYER_ENEMY,8
0,3,0,1,HIT_KILL,COMPANION,COMPANION_ENEMY,9
0,3,0,2,HIT_KILL,PLAYER,PLAYER_ENEMY,9
0,3,12,2,MISS,PLAYER,PLAYER_ENEMY,10
0,3,32,0,HIT,PLAYER,PLAYER_ENEMY,11
0,3,32,0,HIT,COMPANION,COMPANION_ENEMY,11
0,3,32,0,HIT,PLAYER,PLAYER_ENEMY,12
0,3,32,0,HIT,COMPANION,COMPANION_ENEMY,12
0,3,32,0,HIT,PLAYER,PLAYER_ENEMY,12
0,3,32,1,HIT_KILL,PLAYER,PLAYER_ENEMY,13
0,3,32,1,HIT,COMPANION,COMPANION_ENEMY,13
0,3,32,1,MISS,PLAYER,PLAYER_ENEMY,13
0,3,32,1,SEC_ATTACK,COMPANION,COMPANION_ENEMY,13
0,3,32,1,HIT,COMPANION,COMPANION_ENEMY,14
0,3,32,1,HIT,COMPANION,COMPANION_ENEMY,14
0,3,32,2,HIT_KILL,COMPANION,COMPANION_ENEMY,14
0,3,32,2,HIT,PLAYER,PLAYER_ENEMY,14
0,3,52,2,HIT,PLAYER,PLAYER_ENEMY,15
0,3,52,2,HIT,COMPANION,COMPANION_ENEMY,15
0,3,64,3,HIT_KILL,PLAYER,PLAYER_ENEMY,16
0,3,64,4,HIT_KILL,COMPANION,COMPANION_ENEMY,16
0,3,64,4,HIT,PLAYER,PLAYER_ENEMY,17
0,3,88,4,HIT,PLAYER,PLAYER_ENEMY,17
0,3,88,5,HIT_KILL,COMPANION,COMPANION_ENEMY,17
0,3,118,5,HIT,PLAYER,PLAYER_ENEMY,18
0,3,118,6,HIT_KILL,PLAYER,PLAYER_ENEMY,18
0,3,118,6,HIT,PLAYER,PLAYER_ENEMY,18
0,3,154,7,HIT_KILL,PLAYER,PLAYER_ENEMY,19
0,3,238,7,HIT,COMPANION,COMPANION_ENEMY,21
0,3,238,0,HIT,COMPANION,COMPANION_ENEMY,21
0,3,238,0,HIT,PLAYER,PLAYER_ENEMY,21
0,3,238,0,HIT,PLAYER,PLAYER_ENEMY,21
0,3,238,1,HIT_KILL,PLAYER,PLAYER_ENEMY,22
0,3,238,2,HIT_KILL,COMPANION,COMPANION_ENEMY,22
0,3,238,2,MISS,PLAYER,PLAYER_ENEMY,22
0,3,238,2,HIT,PLAYER,PLAYER_ENEMY,22
0,3,238,2,HIT,PLAYER,PLAYER_ENEMY,22
0,3,238,2,NERF,COMPANION,PLAYER_ENEMY,23
0,3,238,2,HIT,COMPANION,COMPANION_ENEMY,23
0,3,238,3,HIT_KILL,PLAYER,PLAYER_ENEMY,23
0,3,274,3,HIT,COMPANION,COMPANION_ENEMY,23
0,3,274,3,MISS,PLAYER,PLAYER_ENEMY,24
0,3,274,3,SEC_ATTACK,COMPANION,COMPANION_ENEMY,24
0,3,274,3,HIT,COMPANION,COMPANION_ENEMY,24
0,3,274,4,HIT_KILL,COMPANION,COMPANION_ENEMY,24
0,3,274,4,HIT,COMPANION,COMPANION_ENEMY,24
0,3,274,4,MISS,PLAYER,PLAYER_ENEMY,24
0,3,298,5,HIT_KILL,COMPANION,COMPANION_ENEMY,25
0,3,358,0,HIT,PLAYER,PLAYER_ENEMY,27
0,3,358,0,MISS,PLAYER,PLAYER_ENEMY,27
0,3,358,1,HIT_KILL,PLAYER,PLAYER_ENEMY,27
0,3,358,1,HIT,COMPANION,COMPANION_ENEMY,28
0,3,358,1,MISS,PLAYER,PLAYER_ENEMY,28
0,3,358,1,HIT,COMPANION,COMPANION_ENEMY,28
0,3,358,1,HIT,PLAYER,PLAYER_ENEMY,29
0,3,358,2,HIT_KILL,COMPANION,COMPANION_ENEMY,29
0,3,364,3,HIT_KILL,PLAYER,PLAYER_ENEMY,29
0,3,364,3,HIT,COMPANION,COMPANION_ENEMY,30
0,3,382,3,HIT,COMPANION,COMPANION_ENEMY,31
0,3,382,3,HIT,PLAYER,PLAYER_ENEMY,31
0,3,382,3,MISS,PLAYER,PLAYER_ENEMY,31
0,3,391,1,HIT_KILL,COMPANION,COMPANION_ENEMY,31
0,3,391,2,HIT_KILL,PLAYER,PLAYER_ENEMY,31
0,3,409,0,HIT,COMPANION,COMPANION_ENEMY,34
0,3,409,0,MISS,PLAYER,PLAYER_ENEMY,34
0,3,409,0,MISS,PLAYER,PLAYER_ENEMY,35
0,3,409,0,HIT,PLAYER,PLAYER_ENEMY,35
0,3,409,0,HIT,PLAYER,PLAYER_ENEMY,36
0,3,409,0,HIT,COMPANION,COMPANION_ENEMY,36
0,3,409,0,MISS,PLAYER,PLAYER_ENEMY,36
0,3,409,1,HIT_KILL,PLAYER,PLAYER_ENEMY,36
0,3,409,1,HIT,COMPANION,COMPANION_ENEMY,37
0,3,409,2,HIT_KILL,COMPANION,COMPANION_ENEMY,38
0,3,421,2,SEC_ATTACK,COMPANION,COMPANION_ENEMY,38
0,3,421,2,HIT,COMPANION,COMPANION_ENEMY,38
0,3,421,2,HIT,COMPANION,COMPANION_ENEMY,38
0,3,421,2,HIT,PLAYER,PLAYER_ENEMY,39
0,3,421,2,NERF,COMPANION,PLAYER_ENEMY,39
0,3,421,3,HIT_KILL,COMPANION,COMPANION_ENEMY,39
0,3,421,3,HIT,PLAYER,PLAYER_ENEMY,39
0,3,439,4,HIT_KILL,PLAYER,PLAYER_ENEMY,40
0,3,463,4,HIT,COMPANION,COMPANION_ENEMY,41
0,3,463,4,HIT,COMPANION,COMPANION_ENEMY,41
0,3,463,4,MISS,PLAYER,PLAYER_ENEMY,41
0,3,463,4,HIT,PLAYER,PLAYER_ENEMY,41
0,3,475,5,HIT_KILL,COMPANION,COMPANION_ENEMY,41
0,3,475,5,MISS,PLAYER,PLAYER_ENEMY,42
0,3,475,5,HIT,PLAYER,PLAYER_ENEMY,43
0,3,475,5,HIT,COMPANION,COMPANION_ENEMY,43
0,3,475,6,HIT_KILL,PLAYER,PLAYER_ENEMY,43
0,3,511,6,HIT,COMPANION,COMPANION_ENEMY,43
0,3,511,7,HIT_KILL,PLAYER,PLAYER_ENEMY,44
0,3,511,8,HIT_KILL,COMPANION,COMPANION_ENEMY,44
0,3,535,8,HIT,PLAYER,PLAYER_ENEMY,45
0,3,535,8,HIT,COMPANION,COMPANION_ENEMY,45
0,3,535,8,MISS,PLAYER,PLAYER_ENEMY,45
0,3,535,8,HIT,PLAYER,PLAYER_ENEMY,45
0,3,535,8,HIT,COMPANION,COMPANION_ENEMY,45
0,3,559,9,HIT_KILL,PLAYER,PLAYER_ENEMY,46
0,3,613,9,HIT,COMPANION,COMPANION_ENEMY,46
0,3,613,9,HIT,PLAYER,PLAYER_ENEMY,47
0,3,613,10,HIT_KILL,PLAYER,PLAYER_ENEMY,47
0,3,613,10,HIT,COMPANION,COMPANION_ENEMY,47
0,3,673,10,HIT,COMPANION,COMPANION_ENEMY,48
0,3,673,10,MISS,PLAYER,PLAYER_ENEMY,48
0,3,673,10,HIT,COMPANION,COMPANION_ENEMY,48
0,3,673,10,NERF,COMPANION,PLAYER_ENEMY,48
0,3,703,10,MISS,PLAYER,PLAYER_ENEMY,49
0,3,703,11,HIT_KILL,COMPANION,COMPANION_ENEMY,49
0,3,703,11,HIT,PLAYER,PLAYER_ENEMY,49
0,3,703,12,HIT_KILL,PLAYER,PLAYER_ENEMY,50
0,3,763,12,HIT,COMPANION,COMPANION_ENEMY,50
0,3,775,12,HIT,COMPANION,COMPANION_ENEMY,51
0,3,775,12,HIT,PLAYER,PLAYER_ENEMY,51
0,3,775,13,HIT_KILL,COMPANION,COMPANION_ENEMY,51
0,3,788,14,HIT_KILL,PLAYER,PLAYER_ENEMY,51
0,3,816,14,MISS,PLAYER,PLAYER_ENEMY,51
0,3,816,14,HIT,COMPANION,COMPANION_ENEMY,53
0,3,900,14,MISS,PLAYER,PLAYER_ENEMY,53
0,3,928,14,HIT,PLAYER,PLAYER_ENEMY,53
0,3,942,1,HIT_KILL,PLAYER,PLAYER_ENEMY,54
0,3,942,1,MISS,PLAYER,PLAYER_ENEMY,54
0,3,942,1,MISS,PLAYER,PLAYER_ENEMY,55
0,3,945,1,HIT,COMPANION,COMPANION_ENEMY,55
0,3,945,1,HIT,PLAYER,PLAYER_ENEMY,55
0,3,945,1,HIT_KILL,PLAYER,PLAYER_ENEMY,56
0,3,945,1,HIT,PLAYER,PLAYER_ENEMY,57
0,3,945,1,HIT,COMPANION,COMPANION_ENEMY,57
0,3,948,0,NERF,COMPANION,PLAYER_ENEMY,58
0,3,948,0,HIT,PLAYER,PLAYER_ENEMY,58
0,3,948,0,MISS,PLAYER,PLAYER_ENEMY,58
0,3,948,1,HIT_KILL,PLAYER,PLAYER_ENEMY,58
0,3,948,1,MISS,PLAYER,PLAYER_ENEMY,59
0,3,948,1,HIT,COMPANION,COMPANION_ENEMY,59
0,3,948,2,HIT_KILL,COMPANION,COMPANION_ENEMY,59
0,3,948,2,FINAL,-,-,60
0,0,0,0,HIT,PLAYER,PLAYER_ENEMY,5
0,0,0,0,HIT,PLAYER,PLAYER_ENEMY,5
0,0,0,0,MISS,PLAYER,PLAYER_ENEMY,6
0,0,0,1,HIT_KILL,PLAYER,PLAYER_ENEMY,6
0,0,0,1,BUFF,COMPANION,PLAYER_ENEMY,7
0,0,0,1,MISS,PLAYER,PLAYER_ENEMY,7
0,0,6,1,MISS,PLAYER,PLAYER_ENEMY,8
0,0,6,1,HIT,COMPANION,COMPANION_ENEMY,8
0,0,6,0,HIT,COMPANION,COMPANION_ENEMY,8
0,0,6,0,MISS,PLAYER,PLAYER_ENEMY,8
0,0,6,1,HIT_KILL,COMPANION,COMPANION_ENEMY,9
0,0,6,1,MISS,PLAYER,PLAYER_ENEMY,9
0,0,6,1,SEC_ATTACK,COMPANION,COMPANION_ENEMY,9
0,0,6,1,HIT,COMPANION,COMPANION_ENEMY,9
0,0,6,1,HIT,COMPANION,COMPANION_ENEMY,9
0,0,6,1,MISS,PLAYER,PLAYER_ENEMY,9
0,0,6,2,HIT_KILL,COMPANION,COMPANION_ENEMY,9
0,0,6,2,HIT,PLAYER,PLAYER_ENEMY,10
0,0,18,2,HIT,PLAYER,PLAYER_ENEMY,10
0,0,18,2,MISS,PLAYER,PLAYER_ENEMY,11
0,0,18,2,HIT,PLAYER,PLAYER_ENEMY,11
0,0,30,1,HIT_KILL,PLAYER,PLAYER_ENEMY,12
0,0,30,1,HIT,PLAYER,PLAYER_ENEMY,12
0,0,30,1,HIT,PLAYER,PLAYER_ENEMY,13
0,0,40,2,HIT_KILL,PLAYER,PLAYER_ENEMY,13
0,0,52,0,MISS,PLAYER,PLAYER_ENEMY,16
0,0,52,0,HIT,COMPANION,COMPANION_ENEMY,16
0,0,52,0,HIT,COMPANION,COMPANION_ENEMY,17
0,0,52,0,HIT,PLAYER,PLAYER_ENEMY,17
0,0,52,0,BUFF,COMPANION,COMPANION_ENEMY,17
0,0,52,1,HIT_KILL,COMPANION,COMPANION_ENEMY,17
0,0,52,1,HIT,PLAYER,PLAYER_ENEMY,18
0,0,52,1,MISS,PLAYER,PLAYER_ENEMY,18
0,0,52,2,HIT_KILL,PLAYER,PLAYER_ENEMY,18
0,0,52,2,HIT,COMPANION,COMPANION_ENEMY,18
0,0,62,2,MISS,PLAYER,PLAYER_ENEMY,19
0,0,64,2,MISS,PLAYER,PLAYER_ENEMY,19
0,0,64,2,HIT,COMPANION,COMPANION_ENEMY,19
0,0,64,2,MISS,PLAYER,PLAYER_ENEMY,20
0,0,64,2,HIT,COMPANION,COMPANION_ENEMY,20
0,0,72,2,HIT,PLAYER,PLAYER_ENEMY,20
0,0,76,2,HIT,COMPANION,COMPANION_ENEMY,20
0,0,76,2,MISS,PLAYER,PLAYER_ENEMY,20
0,0,76,0,HIT,PLAYER,PLAYER_ENEMY,20
0,0,76,0,MISS,PLAYER,PLAYER_ENEMY,20
0,0,76,0,HIT,PLAYER,PLAYER_ENEMY,20
0,0,76,0,HIT,COMPANION,COMPANION_ENEMY,21
0,0,76,0,HIT,PLAYER,PLAYER_ENEMY,21
0,0,76,1,HIT_KILL,PLAYER,PLAYER_ENEMY,21
0,0,76,1,MISS,PLAYER,PLAYER_ENEMY,21
0,0,76,1,HIT,COMPANION,COMPANION_ENEMY,21
0,0,76,1,HIT,COMPANION,COMPANION_ENEMY,22
0,0,76,1,HIT,PLAYER,PLAYER_ENEMY,22
0,0,76,2,HIT_KILL,PLAYER,PLAYER_ENEMY,22
0,0,84,3,HIT_KILL,COMPANION,COMPANION_ENEMY,22
0,0,90,3,HIT,COMPANION,COMPANION_ENEMY,23
0,0,90,3,MISS,PLAYER,PLAYER_ENEMY,24
0,0,117,3,HIT,PLAYER,PLAYER_ENEMY,24
0,0,150,3,HIT,COMPANION,COMPANION_ENEMY,24
0,0,150,0,HIT,PLAYER,PLAYER_ENEMY,25
0,0,150,0,HIT,COMPANION,COMPANION_ENEMY,25
0,0,150,1,HIT_KILL,PLAYER,PLAYER_ENEMY,25
0,0,150,1,HIT,COMPANION,COMPANION_ENEMY,25
0,0,150,1,SEC_ATTACK,COMPANION,COMPANION_ENEMY,26
0,0,150,1,MISS,PLAYER,PLAYER_ENEMY,26
0,0,150,1,HIT,COMPANION,COMPANION_ENEMY,26
0,0,150,2,HIT_KILL,COMPANION,COMPANION_ENEMY,26
0,0,150,3,HIT_KILL,COMPANION,COMPANION_ENEMY,26
0,0,150,4,HIT_KILL,COMPANION,COMPANION_ENEMY,26
0,0,150,4,BUFF,COMPANION,COMPANION_ENEMY,27
0,0,174,4,HIT,PLAYER,PLAYER_ENEMY,27
0,0,174,5,HIT_KILL,COMPANION,COMPANION_ENEMY,27
0,0,174,5,MISS,PLAYER,PLAYER_ENEMY,27
0,0,204,5,HIT,PLAYER,PLAYER_ENEMY,28
0,0,274,5,MISS,PLAYER,PLAYER_ENEMY,28
0,0,284,5,MISS,PLAYER,PLAYER_ENEMY,28
0,0,284,6,HIT_KILL,PLAYER,PLAYER_ENEMY,28
0,0,344,6,HIT,PLAYER,PLAYER_ENEMY,29
0,0,344,6,HIT,PLAYER,PLAYER_ENEMY,29
0,0,344,6,HIT,COMPANION,COMPANION_ENEMY,29
0,0,344,6,HIT,PLAYER,PLAYER_ENEMY,29
0,0,344,6,HIT,PLAYER,PLAYER_ENEMY,29
0,0,344,6,HIT,COMPANION,COMPANION_ENEMY,30
0,0,380,7,HIT_KILL,PLAYER,PLAYER_ENEMY,30
0,0,380,7,MISS,PLAYER,PLAYER_ENEMY,30
0,0,380,7,HIT,COMPANION,COMPANION_ENEMY,30
0,0,380,7,MISS,PLAYER,PLAYER_ENEMY,31
0,0,380,7,HIT,PLAYER,PLAYER_ENEMY,31
0,0,380,8,HIT_KILL,COMPANION,COMPANION_ENEMY,31
0,0,428,8,HIT,PLAYER,PLAYER_ENEMY,32
0,0,428,9,HIT_KILL,PLAYER,PLAYER_ENEMY,32
0,0,428,9,MISS,PLAYER,PLAYER_ENEMY,32
0,0,428,9,HIT,COMPANION,COMPANION_ENEMY,33
0,0,518,9,MISS,PLAYER,PLAYER_ENEMY,33
0,0,518,9,HIT,COMPANION,COMPANION_ENEMY,33
0,0,518,9,HIT,COMPANION,COMPANION_ENEMY,33
0,0,572,9,SEC_ATTACK,COMPANION,COMPANION_ENEMY,34
0,0,572,10,HIT_KILL,COMPANION,COMPANION_ENEMY,34
0,0,572,10,MISS,PLAYER,PLAYER_ENEMY,35
0,0,672,0,BUFF,COMPANION,COMPANION_ENEMY,36
0,0,672,0,HIT,COMPANION,COMPANION_ENEMY,36
0,0,672,0,MISS,PLAYER,PLAYER_ENEMY,37
0,0,672,0,HIT,PLAYER,PLAYER_ENEMY,37
0,0,672,0,HIT,COMPANION,COMPANION_ENEMY,37
0,0,672,0,HIT,PLAYER,PLAYER_ENEMY,37
0,0,672,0,MISS,PLAYER,PLAYER_ENEMY,37
0,0,672,0,MISS,PLAYER,PLAYER_ENEMY,38
0,0,672,1,HIT_KILL,PLAYER,PLAYER_ENEMY,38
0,0,672,1,HIT,COMPANION,COMPANION_ENEMY,38
0,0,672,1,MISS,PLAYER,PLAYER_ENEMY,38
0,0,672,1,HIT,COMPANION,COMPANION_ENEMY,38
0,0,672,1,MISS,PLAYER,PLAYER_ENEMY,39
0,0,672,1,HIT,COMPANION,COMPANION_ENEMY,39
0,0,672,1,HIT,PLAYER,PLAYER_ENEMY,39
0,0,678,1,HIT_KILL,COMPANION,COMPANION_ENEMY,40
0,0,678,1,HIT,PLAYER,PLAYER_ENEMY,40
0,0,678,1,SEC_ATTACK,COMPANION,COMPANION_ENEMY,40
0,0,678,2,HIT_KILL,COMPANION,COMPANION_ENEMY,40
0,0,678,2,HIT,COMPANION,COMPANION_ENEMY,40
0,0,678,3,HIT_KILL,PLAYER,PLAYER_ENEMY,40
0,0,678,3,HIT,COMPANION,COMPANION_ENEMY,41
0,0,678,3,HIT,COMPANION,COMPANION_ENEMY,41
0,0,723,3,HIT,PLAYER,PLAYER_ENEMY,42
0,0,738,4,HIT_KILL,COMPANION,COMPANION_ENEMY,42
0,0,762,4,HIT,PLAYER,PLAYER_ENEMY,42
0,0,762,5,HIT_KILL,PLAYER,PLAYER_ENEMY,43
0,0,762,5,HIT,PLAYER,PLAYER_ENEMY,43
0,0,812,5,HIT,COMPANION,COMPANION_ENEMY,44
0,0,812,5,HIT,PLAYER,PLAYER_ENEMY,44
0,0,812,5,HIT,COMPANION,COMPANION_ENEMY,45
0,0,812,6,HIT_KILL,PLAYER,PLAYER_ENEMY,45
0,0,812,6,HIT,PLAYER,PLAYER_ENEMY,45
0,0,848,6,HIT,COMPANION,COMPANION_ENEMY,45
0,0,848,6,HIT,PLAYER,PLAYER_ENEMY,45
0,0,848,6,HIT,COMPANION,COMPANION_ENEMY,45
0,0,848,6,SEC_ATTACK,COMPANION,COMPANION_ENEMY,46
0,0,848,7,HIT_KILL,COMPANION,COMPANION_ENEMY,46
0,0,848,8,HIT_KILL,PLAYER,PLAYER_ENEMY,46
0,0,992,0,HIT,COMPANION,COMPANION_ENEMY,48
0,0,992,0,HIT,COMPANION,COMPANION_ENEMY,48
0,0,992,0,HIT,PLAYER,PLAYER_ENEMY,48
0,0,992,1,HIT_KILL,COMPANION,COMPANION_ENEMY,49
0,0,992,1,HIT,PLAYER,PLAYER_ENEMY,49
0,0,992,2,HIT_KILL,COMPANION,COMPANION_ENEMY,49
0,0,992,3,HIT_KILL,PLAYER,PLAYER_ENEMY,49
0,0,992,3,HIT,COMPANION,COMPANION_ENEMY,50
0,0,992,3,HIT,COMPANION,COMPANION_ENEMY,50
0,0,1010,3,HIT,PLAYER,PLAYER_ENEMY,50
0,0,1028,3,MISS,PLAYER,PLAYER_ENEMY,51
0,0,1028,3,BUFF,COMPANION,COMPANION_ENEMY,51
0,0,1046,4,HIT_KILL,COMPANION,COMPANION_ENEMY,51
0,0,1046,4,HIT,PLAYER,PLAYER_ENEMY,51
0,0,1046,5,HIT_KILL,PLAYER,PLAYER_ENEMY,52
0,0,1046,5,MISS,PLAYER,PLAYER_ENEMY,52
0,0,1071,5,HIT,COMPANION,COMPANION_ENEMY,53
0,0,1076,5,HIT,PLAYER,PLAYER_ENEMY,53
0,0,1076,5,HIT,COMPANION,COMPANION_ENEMY,53
0,0,1076,5,HIT,PLAYER,PLAYER_ENEMY,53
0,0,1106,6,HIT_KILL,PLAYER,PLAYER_ENEMY,54
0,0,1106,6,HIT,COMPANION,COMPANION_ENEMY,54
0,0,1106,6,MISS,PLAYER,PLAYER_ENEMY,54
0,0,1106,6,MISS,PLAYER,PLAYER_ENEMY,55
0,0,1106,7,HIT_KILL,COMPANION,COMPANION_ENEMY,55
0,0,1148,7,HIT,PLAYER,PLAYER_ENEMY,55
0,0,1148,7,HIT,PLAYER,PLAYER_ENEMY,56
0,0,1148,7,HIT,PLAYER,PLAYER_ENEMY,56
0,0,1204,7,HIT,COMPANION,COMPANION_ENEMY,56
0,0,1218,7,HIT,COMPANION,COMPANION_ENEMY,56
0,0,1218,1,HIT_KILL,PLAYER,PLAYER_ENEMY,57
0,0,1218,1,HIT,COMPANION,COMPANION_ENEMY,57
0,0,1218,1,HIT,COMPANION,COMPANION_ENEMY,57
0,0,1218,1,HIT,PLAYER,PLAYER_ENEMY,57
0,0,1218,1,HIT,PLAYER,PLAYER_ENEMY,58
0,0,1218,1,HIT,COMPANION,COMPANION_ENEMY,58
0,0,1218,1,MISS,PLAYER,PLAYER_ENEMY,58
0,0,1218,1,HIT,PLAYER,PLAYER_ENEMY,58
0,0,1220,1,HIT,PLAYER,PLAYER_ENEMY,58
0,0,1224,2,HIT_KILL,PLAYER,PLAYER_ENEMY,58
0,0,1224,2,HIT,COMPANION,COMPANION_ENEMY,59
0,0,1224,2,HIT,COMPANION,COMPANION_ENEMY,59
0,0,1224,2,HIT,PLAYER,PLAYER_ENEMY,59
0,0,1224,2,HIT,COMPANION,COMPANION_ENEMY,59
0,0,1224,2,FINAL,-,-,60
0,1,0,0,HIT,PLAYER,PLAYER_ENEMY,4
0,1,0,0,HIT,COMPANION,COMPANION_ENEMY,4
0,1,0,0,HIT,PLAYER,PLAYER_ENEMY,5
0,1,0,0,HIT,COMPANION,COMPANION_ENEMY,5
0,1,0,1,HIT_KILL,PLAYER,PLAYER_ENEMY,5
0,1,0,1,HIT,PLAYER,PLAYER_ENEMY,6
0,1,0,1,HIT,PLAYER,PLAYER_ENEMY,6
0,1,0,2,HIT_KILL,COMPANION,COMPANION_ENEMY,6
0,1,0,3,HIT_KILL,PLAYER,PLAYER_ENEMY,7
0,1,54,0,HIT,PLAYER,PLAYER_ENEMY,9
0,1,54,0,HIT,PLAYER,PLAYER_ENEMY,9
0,1,54,0,MISS,PLAYER,PLAYER_ENEMY,9
0,1,54,1,HIT_KILL,PLAYER,PLAYER_ENEMY,9
0,1,54,1,MISS,PLAYER,PLAYER_ENEMY,10
0,1,54,1,HIT,COMPANION,COMPANION_ENEMY,10
0,1,54,1,NERF,COMPANION,COMPANION_ENEMY,10
0,1,54,1,HIT,COMPANION,COMPANION_ENEMY,11
0,1,60,0,HIT,COMPANION,COMPANION_ENEMY,12
0,1,60,1,HIT_KILL,COMPANION,COMPANION_ENEMY,12
0,1,60,1,SEC_ATTACK,COMPANION,COMPANION_ENEMY,13
0,1,60,2,HIT_KILL,COMPANION,COMPANION_ENEMY,13
0,1,60,2,HIT,COMPANION,COMPANION_ENEMY,13
0,1,66,3,HIT_KILL,COMPANION,COMPANION_ENEMY,14
0,1,75,3,HIT,COMPANION,COMPANION_ENEMY,15
0,1,84,3,HIT,COMPANION,COMPANION_ENEMY,16
0,1,84,1,HIT_KILL,COMPANION,COMPANION_ENEMY,17
0,1,84,1,HIT,PLAYER,PLAYER_ENEMY,18
0,1,84,1,HIT,PLAYER,PLAYER_ENEMY,18
0,1,90,1,HIT_KILL,PLAYER,PLAYER_ENEMY,18
0,1,90,1,HIT,PLAYER,PLAYER_ENEMY,19
0,1,90,1,HIT,PLAYER,PLAYER_ENEMY,20
0,1,96,1,HIT,COMPANION,COMPANION_ENEMY,20
0,1,96,0,HIT,PLAYER,PLAYER_ENEMY,20
0,1,96,0,NERF,COMPANION,COMPANION_ENEMY,21
0,1,96,1,HIT_KILL,PLAYER,PLAYER_ENEMY,21
0,1,96,1,HIT,COMPANION,COMPANION_ENEMY,21
0,1,96,2,HIT_KILL,COMPANION,COMPANION_ENEMY,22
0,1,108,2,HIT,PLAYER,PLAYER_ENEMY,23
0,1,108,2,HIT,PLAYER,PLAYER_ENEMY,23
0,1,108,2,HIT,PLAYER,PLAYER_ENEMY,23
0,1,114,2,HIT,COMPANION,COMPANION_ENEMY,24
0,1,114,3,HIT_KILL,PLAYER,PLAYER_ENEMY,24
0,1,114,4,HIT_KILL,COMPANION,COMPANION_ENEMY,24
0,1,114,4,HIT,COMPANION,COMPANION_ENEMY,25
0,1,138,5,HIT_KILL,PLAYER,PLAYER_ENEMY,25
0,1,153,6,HIT_KILL,COMPANION,COMPANION_ENEMY,26
0,1,153,6,MISS,PLAYER,PLAYER_ENEMY,27
0,1,153,6,HIT,PLAYER,PLAYER_ENEMY,27
0,1,207,6,HIT,PLAYER,PLAYER_ENEMY,28
0,1,207,1,HIT_KILL,PLAYER,PLAYER_ENEMY,28
0,1,207,1,MISS,PLAYER,PLAYER_ENEMY,29
0,1,207,1,MISS,PLAYER,PLAYER_ENEMY,29
0,1,207,1,HIT,PLAYER,PLAYER_ENEMY,29
0,1,213,1,HIT,PLAYER,PLAYER_ENEMY,30
0,1,213,1,MISS,PLAYER,PLAYER_ENEMY,30
0,1,213,1,HIT_KILL,PLAYER,PLAYER_ENEMY,30
0,1,213,1,HIT,COMPANION,COMPANION_ENEMY,31
0,1,213,1,MISS,PLAYER,PLAYER_ENEMY,31
0,1,213,2,HIT_KILL,COMPANION,COMPANION_ENEMY,31
0,1,213,2,MISS,PLAYER,PLAYER_ENEMY,31
0,1,225,2,HIT,PLAYER,PLAYER_ENEMY,32
0,1,225,2,HIT,COMPANION,COMPANION_ENEMY,33
0,1,231,2,HIT,COMPANION,COMPANION_ENEMY,33
0,1,231,0,MISS,PLAYER,PLAYER_ENEMY,33
0,1,231,0,HIT,PLAYER,PLAYER_ENEMY,33
0,1,231,1,HIT_KILL,COMPANION,COMPANION_ENEMY,33
0,1,231,1,MISS,PLAYER,PLAYER_ENEMY,34
0,1,231,2,HIT_KILL,PLAYER,PLAYER_ENEMY,34
0,1,231,2,HIT,PLAYER,PLAYER_ENEMY,35
0,1,255,2,MISS,PLAYER,PLAYER_ENEMY,35
0,1,255,2,HIT,PLAYER,PLAYER_ENEMY,36
0,1,255,0,MISS,PLAYER,PLAYER_ENEMY,36
0,1,255,1,HIT_KILL,PLAYER,PLAYER_ENEMY,36
0,1,255,1,MISS,PLAYER,PLAYER_ENEMY,36
0,1,255,1,NERF,COMPANION,COMPANION_ENEMY,37
0,1,255,1,HIT,PLAYER,PLAYER_ENEMY,37
0,1,261,1,HIT,PLAYER,PLAYER_ENEMY,38
0,1,261,0,MISS,PLAYER,PLAYER_ENEMY,38
0,1,261,1,HIT_KILL,PLAYER,PLAYER_ENEMY,38
0,1,261,1,MISS,PLAYER,PLAYER_ENEMY,39
0,1,261,1,HIT,COMPANION,COMPANION_ENEMY,40
0,1,267,1,HIT,PLAYER,PLAYER_ENEMY,40
0,1,267,0,HIT,PLAYER,PLAYER_ENEMY,41
0,1,267,1,HIT_KILL,COMPANION,COMPANION_ENEMY,41
0,1,267,2,HIT_KILL,PLAYER,PLAYER_ENEMY,41
0,1,267,2,HIT,COMPANION,COMPANION_ENEMY,43
0,1,285,2,HIT,COMPANION,COMPANION_ENEMY,43
0,1,285,0,SEC_ATTACK,COMPANION,COMPANION_ENEMY,43
0,1,285,0,MISS,PLAYER,PLAYER_ENEMY,43
0,1,285,1,HIT_KILL,COMPANION,COMPANION_ENEMY,43
0,1,285,1,HIT,PLAYER,PLAYER_ENEMY,44
0,1,285,1,HIT,COMPANION,COMPANION_ENEMY,44
0,1,285,1,MISS,PLAYER,PLAYER_ENEMY,44
0,1,285,1,HIT,PLAYER,PLAYER_ENEMY,45
0,1,285,2,HIT_KILL,COMPANION,COMPANION_ENEMY,45
0,1,285,2,HIT,COMPANION,COMPANION_ENEMY,45
0,1,291,2,HIT,COMPANION,COMPANION_ENEMY,46
0,1,291,2,HIT,PLAYER,PLAYER_ENEMY,46
0,1,291,2,BUFF,COMPANION,PLAYER_ENEMY,46
0,1,297,3,HIT_KILL,COMPANION,COMPANION_ENEMY,46
0,1,297,3,HIT,PLAYER,PLAYER_ENEMY,46
0,1,297,4,HIT_KILL,PLAYER,PLAYER_ENEMY,47
0,1,297,4,HIT,COMPANION,COMPANION_ENEMY,47
0,1,297,4,HIT,COMPANION,COMPANION_ENEMY,48
0,1,297,5,HIT_KILL,PLAYER,PLAYER_ENEMY,48
0,1,327,5,MISS,PLAYER,PLAYER_ENEMY,48
0,1,327,5,HIT,PLAYER,PLAYER_ENEMY,48
0,1,327,6,HIT_KILL,COMPANION,COMPANION_ENEMY,48
0,1,345,6,HIT,PLAYER,PLAYER_ENEMY,49
0,1,363,6,SEC_ATTACK,COMPANION,COMPANION_ENEMY,49
0,1,363,6,HIT,COMPANION,COMPANION_ENEMY,49
0,1,363,7,HIT_KILL,COMPANION,COMPANION_ENEMY,49
0,1,363,7,HIT,COMPANION,COMPANION_ENEMY,49
0,1,377,7,HIT,PLAYER,PLAYER_ENEMY,49
0,1,405,7,MISS,PLAYER,PLAYER_ENEMY,49
0,1,447,7,MISS,PLAYER,PLAYER_ENEMY,50
0,1,447,8,HIT_KILL,PLAYER,PLAYER_ENEMY,50
0,1,447,8,HIT,PLAYER,PLAYER_ENEMY,50
0,1,495,8,HIT,COMPANION,COMPANION_ENEMY,51
0,1,495,8,HIT,PLAYER,PLAYER_ENEMY,51
0,1,495,8,HIT,PLAYER,PLAYER_ENEMY,51
0,1,495,9,HIT_KILL,COMPANION,COMPANION_ENEMY,51
0,1,585,10,HIT_KILL,PLAYER,PLAYER_ENEMY,52
0,1,585,10,HIT,COMPANION,COMPANION_ENEMY,52
0,1,585,10,HIT,COMPANION,COMPANION_ENEMY,52
0,1,605,10,HIT,PLAYER,PLAYER_ENEMY,53
0,1,605,11,HIT_KILL,COMPANION,COMPANION_ENEMY,53
0,1,682,11,HIT,PLAYER,PLAYER_ENEMY,53
0,1,759,11,HIT,PLAYER,PLAYER_ENEMY,54
0,1,759,12,HIT_KILL,PLAYER,PLAYER_ENEMY,54
0,1,759,12,MISS,PLAYER,PLAYER_ENEMY,54
0,1,831,12,HIT,COMPANION,COMPANION_ENEMY,55
0,1,831,12,HIT,COMPANION,COMPANION_ENEMY,55
0,1,831,12,HIT,PLAYER,PLAYER_ENEMY,55
0,1,951,13,HIT_KILL,COMPANION,COMPANION_ENEMY,56
0,1,951,13,HIT,PLAYER,PLAYER_ENEMY,56
0,1,951,13,HIT,COMPANION,COMPANION_ENEMY,56
0,1,951,14,HIT_KILL,PLAYER,PLAYER_ENEMY,56
0,1,951,14,MISS,PLAYER,PLAYER_ENEMY,57
0,1,951,14,NERF,COMPANION,COMPANION_ENEMY,57
0,1,951,14,HIT,COMPANION,COMPANION_ENEMY,57
0,1,951,14,HIT,PLAYER,PLAYER_ENEMY,57
0,1,1021,15,HIT_KILL,COMPANION,COMPANION_ENEMY,58
0,1,1126,15,HIT,PLAYER,PLAYER_ENEMY,58
0,1,1126,16,HIT_KILL,PLAYER,PLAYER_ENEMY,59
0,1,1174,16,HIT,COMPANION,COMPANION_ENEMY,59
0,1,1174,16,FINAL,-,-,60
0,2,0,0,HIT,PLAYER,PLAYER_ENEMY,5
0,2,0,0,HIT,PLAYER,PLAYER_ENEMY,5
0,2,0,0,MISS,PLAYER,PLAYER_ENEMY,6
0,2,0,1,HIT_KILL,PLAYER,PLAYER_ENEMY,6
0,2,0,1,HIT,PLAYER,PLAYER_ENEMY,7
0,2,0,1,HIT,PLAYER,PLAYER_ENEMY,7
0,2,6,1,HIT,COMPANION,COMPANION_ENEMY,8
0,2,6,2,HIT_KILL,PLAYER,PLAYER_ENEMY,8
0,2,6,2,HIT,COMPANION,COMPANION_ENEMY,9
0,2,6,2,MISS,PLAYER,PLAYER_ENEMY,9
0,2,18,1,HIT_KILL,COMPANION,COMPANION_ENEMY,11
0,2,18,1,MISS,PLAYER,PLAYER_ENEMY,11
0,2,18,1,HIT,PLAYER,PLAYER_ENEMY,11
0,2,18,1,HIT,PLAYER,PLAYER_ENEMY,12
0,2,24,1,HIT,PLAYER,PLAYER_ENEMY,12
0,2,24,0,HIT,COMPANION,COMPANION_ENEMY,13
0,2,24,0,HIT,PLAYER,PLAYER_ENEMY,13
0,2,24,0,HIT,COMPANION,COMPANION_ENEMY,13
0,2,24,0,MISS,PLAYER,PLAYER_ENEMY,13
0,2,24,1,HIT_KILL,COMPANION,COMPANION_ENEMY,13
0,2,24,2,HIT_KILL,PLAYER,PLAYER_ENEMY,13
0,2,24,3,HIT_KILL,PLAYER,PLAYER_ENEMY,14
0,2,60,3,HIT,PLAYER,PLAYER_ENEMY,15
0,2,78,3,MISS,PLAYER,PLAYER_ENEMY,16
0,2,78,3,HIT,PLAYER,PLAYER_ENEMY,16
0,2,78,0,HIT,COMPANION,COMPANION_ENEMY,16
0,2,78,1,HIT_KILL,PLAYER,PLAYER_ENEMY,16
0,2,78,1,HIT,COMPANION,COMPANION_ENEMY,18
0,2,84,0,HIT,COMPANION,COMPANION_ENEMY,19
0,2,84,0,MISS,PLAYER,PLAYER_ENEMY,19
0,2,84,0,MISS,PLAYER,PLAYER_ENEMY,19
0,2,84,0,HIT,PLAYER,PLAYER_ENEMY,19
0,2,84,1,HIT_KILL,COMPANION,COMPANION_ENEMY,20
0,2,84,1,HIT,PLAYER,PLAYER_ENEMY,20
0,2,84,1,HIT,COMPANION,COMPANION_ENEMY,20
0,2,84,1,HIT,PLAYER,PLAYER_ENEMY,20
0,2,84,2,HIT_KILL,PLAYER,PLAYER_ENEMY,21
0,2,84,2,HIT,COMPANION,COMPANION_ENEMY,21
0,2,96,2,HIT,PLAYER,PLAYER_ENEMY,21
0,2,96,2,MISS,PLAYER,PLAYER_ENEMY,21
0,2,96,2,HIT,PLAYER,PLAYER_ENEMY,22
0,2,96,2,MISS,PLAYER,PLAYER_ENEMY,22
0,2,96,3,HIT_KILL,COMPANION,COMPANION_ENEMY,22
0,2,96,4,HIT_KILL,PLAYER,PLAYER_ENEMY,22
0,2,120,4,MISS,PLAYER,PLAYER_ENEMY,22
0,2,120,4,HIT,COMPANION,COMPANION_ENEMY,23
0,2,168,0,HIT,COMPANION,COMPANION_ENEMY,24
0,2,168,0,HIT,COMPANION,COMPANION_ENEMY,25
0,2,168,0,HIT,PLAYER,PLAYER_ENEMY,25
0,2,168,0,SEC_ATTACK,COMPANION,COMPANION_ENEMY,25
0,2,168,1,HIT_KILL,COMPANION,COMPANION_ENEMY,25
0,2,168,1,HIT,PLAYER,PLAYER_ENEMY,25
0,2,168,2,HIT_KILL,PLAYER,PLAYER_ENEMY,26
0,2,168,2,HIT,PLAYER,PLAYER_ENEMY,27
0,2,180,2,MISS,PLAYER,PLAYER_ENEMY,27
0,2,192,0,HIT,PLAYER,PLAYER_ENEMY,28
0,2,192,0,MISS,PLAYER,PLAYER_ENEMY,29
0,2,192,0,HIT,PLAYER,PLAYER_ENEMY,29
0,2,192,0,HIT,PLAYER,PLAYER_ENEMY,29
0,2,192,1,HIT_KILL,PLAYER,PLAYER_ENEMY,29
0,2,192,1,HIT,PLAYER,PLAYER_ENEMY,30
0,2,192,2,HIT_KILL,PLAYER,PLAYER_ENEMY,30
0,2,204,2,HIT,COMPANION,COMPANION_ENEMY,32
0,2,204,2,HIT,COMPANION,COMPANION_ENEMY,32
0,2,204,2,MISS,PLAYER,PLAYER_ENEMY,32
0,2,216,2,HIT,COMPANION,COMPANION_ENEMY,32
0,2,216,2,HIT,COMPANION,COMPANION_ENEMY,32
0,2,216,0,MISS,PLAYER,PLAYER_ENEMY,32
0,2,216,0,HIT,COMPANION,COMPANION_ENEMY,32
0,2,216,1,HIT_KILL,COMPANION,COMPANION_ENEMY,33
0,2,216,1,HIT,COMPANION,COMPANION_ENEMY,33
0,2,216,1,HIT,COMPANION,COMPANION_ENEMY,33
0,2,216,1,HIT,COMPANION,COMPANION_ENEMY,33
0,2,216,1,HIT,COMPANION,COMPANION_ENEMY,33
0,2,216,1,HIT,PLAYER,PLAYER_ENEMY,33
0,2,216,1,HIT,COMPANION,COMPANION_ENEMY,33
0,2,216,1,HIT,COMPANION,COMPANION_ENEMY,33
0,2,216,1,HIT,PLAYER,PLAYER_ENEMY,34
0,2,216,2,HIT_KILL,COMPANION,COMPANION_ENEMY,34
0,2,228,3,HIT_KILL,PLAYER,PLAYER_ENEMY,35
0,2,228,3,HIT,COMPANION,COMPANION_ENEMY,35
0,2,228,3,HIT,COMPANION,COMPANION_ENEMY,35
0,2,228,3,MISS,PLAYER,PLAYER_ENEMY,35
0,2,228,3,MISS,PLAYER,PLAYER_ENEMY,36
0,2,228,4,HIT_KILL,COMPANION,COMPANION_ENEMY,36
0,2,252,4,MISS,PLAYER,PLAYER_ENEMY,36
0,2,252,4,SEC_ATTACK,COMPANION,COMPANION_ENEMY,36
0,2,252,4,HIT,COMPANION,COMPANION_ENEMY,36
0,2,260,4,HIT,COMPANION,COMPANION_ENEMY,36
0,2,276,5,HIT_KILL,COMPANION,COMPANION_ENEMY,36
0,2,276,5,HIT,COMPANION,COMPANION_ENEMY,36
0,2,276,5,MISS,PLAYER,PLAYER_ENEMY,37
0,2,276,6,HIT_KILL,COMPANION,COMPANION_ENEMY,37
0,2,276,6,MISS,PLAYER,PLAYER_ENEMY,37
0,2,312,6,MISS,PLAYER,PLAYER_ENEMY,37
0,2,348,6,HIT,COMPANION,COMPANION_ENEMY,38
0,2,384,0,HIT,COMPANION,COMPANION_ENEMY,39
0,2,384,1,HIT_KILL,COMPANION,COMPANION_ENEMY,39
0,2,384,1,HIT,COMPANION,COMPANION_ENEMY,40
0,2,384,1,HIT,COMPANION,COMPANION_ENEMY,40
0,2,384,1,HIT,PLAYER,PLAYER_ENEMY,41
0,2,384,2,HIT_KILL,COMPANION,COMPANION_ENEMY,41
0,2,396,2,HIT,PLAYER,PLAYER_ENEMY,41
0,2,408,3,HIT_KILL,PLAYER,PLAYER_ENEMY,43
0,2,408,3,HIT,PLAYER,PLAYER_ENEMY,44
0,2,426,0,HIT,PLAYER,PLAYER_ENEMY,45
0,2,426,1,HIT_KILL,PLAYER,PLAYER_ENEMY,45
0,2,426,1,HIT,COMPANION,COMPANION_ENEMY,46
0,2,426,1,MISS,PLAYER,PLAYER_ENEMY,46
0,2,426,1,HIT,COMPANION,COMPANION_ENEMY,46
0,2,426,1,HIT,PLAYER,PLAYER_ENEMY,47
0,2,427,1,HIT,COMPANION,COMPANION_ENEMY,47
0,2,432,1,HIT,PLAYER,PLAYER_ENEMY,47
0,2,432,1,HIT_KILL,PLAYER,PLAYER_ENEMY,48
0,2,432,1,HIT,COMPANION,COMPANION_ENEMY,48
0,2,432,1,HIT,COMPANION,COMPANION_ENEMY,48
0,2,432,2,HIT_KILL,COMPANION,COMPANION_ENEMY,48
0,2,432,2,HIT,PLAYER,PLAYER_ENEMY,49
0,2,432,2,HIT,COMPANION,COMPANION_ENEMY,49
0,2,434,2,HIT,PLAYER,PLAYER_ENEMY,49
0,2,444,2,HIT,COMPANION,COMPANION_ENEMY,50
0,2,444,3,HIT_KILL,PLAYER,PLAYER_ENEMY,50
0,2,462,3,HIT,COMPANION,COMPANION_ENEMY,50
0,2,462,3,MISS,PLAYER,PLAYER_ENEMY,51
0,2,462,3,HIT,PLAYER,PLAYER_ENEMY,51
0,2,462,4,HIT_KILL,COMPANION,COMPANION_ENEMY,51
0,2,462,4,HIT,PLAYER,PLAYER_ENEMY,51
0,2,486,5,HIT_KILL,COMPANION,COMPANION_ENEMY,52
0,2,486,6,HIT_KILL,PLAYER,PLAYER_ENEMY,52
0,2,486,6,MISS,PLAYER,PLAYER_ENEMY,52
0,2,486,6,HIT,PLAYER,PLAYER_ENEMY,53
0,2,462,0,DEATH,PLAYER_ENEMY,PLAYER,53
0,2,462,0,HIT,PLAYER,PLAYER_ENEMY,53
0,2,462,0,HIT,COMPANION,COMPANION_ENEMY,53
0,2,462,0,HIT,COMPANION,COMPANION_ENEMY,54
0,2,462,0,HIT,PLAYER,PLAYER_ENEMY,55
0,2,462,0,MISS,PLAYER,PLAYER_ENEMY,55
0,2,462,0,HIT,COMPANION,COMPANION_ENEMY,55
0,2,462,0,HIT,PLAYER,PLAYER_ENEMY,55
0,2,462,0,HIT,COMPANION,COMPANION_ENEMY,56
0,2,462,1,HIT_KILL,PLAYER,PLAYER_ENEMY,56
0,2,462,2,HIT_KILL,PLAYER,PLAYER_ENEMY,57
0,2,462,2,MISS,PLAYER,PLAYER_ENEMY,57
0,2,462,2,HIT,COMPANION,COMPANION_ENEMY,57
0,2,462,2,HIT,PLAYER,PLAYER_ENEMY,57
0,2,462,2,HIT,PLAYER,PLAYER_ENEMY,57
0,2,468,3,HIT_KILL,COMPANION,COMPANION_ENEMY,58
0,2,477,3,SEC_ATTACK,COMPANION,COMPANION_ENEMY,58
0,2,477,3,HIT,COMPANION,COMPANION_ENEMY,58
0,2,486,3,MISS,PLAYER,PLAYER_ENEMY,58
0,2,486,3,HIT,COMPANION,COMPANION_ENEMY,58
0,2,495,4,HIT_KILL,PLAYER,PLAYER_ENEMY,59
0,2,495,4,MISS,PLAYER,PLAYER_ENEMY,59
0,2,495,5,HIT_KILL,COMPANION,COMPANION_ENEMY,59
0,2,525,5,FINAL,-,-,60
1,3,0,0,BUFF,COMPANION,PLAYER_ENEMY,6
1,3,0,0,HIT,COMPANION,COMPANION_ENEMY,7
1,3,0,0,HIT,COMPANION,COMPANION_ENEMY,8
1,3,0,0,HIT,PLAYER,PLAYER_ENEMY,8
1,3,0,0,HIT,PLAYER,PLAYER_ENEMY,8
1,3,0,0,HIT,PLAYER,PLAYER_ENEMY,8
1,3,0,1,HIT_KILL,COMPANION,COMPANION_ENEMY,9
1,3,0,2,HIT_KILL,PLAYER,PLAYER_ENEMY,9
1,3,12,2,MISS,PLAYER,PLAYER_ENEMY,10
1,3,32,0,HIT,PLAYER,PLAYER_ENEMY,11
1,3,32,0,HIT,COMPANION,COMPANION_ENEMY,11
1,3,32,0,HIT,PLAYER,PLAYER_ENEMY,12
1,3,32,0,HIT,COMPANION,COMPANION_ENEMY,12
1,3,32,0,HIT,PLAYER,PLAYER_ENEMY,12
1,3,32,1,HIT_KILL,PLAYER,PLAYER_ENEMY,13
1,3,32,1,HIT,COMPANION,COMPANION_ENEMY,13
1,3,32,1,MISS,PLAYER,PLAYER_ENEMY,13
1,3,32,1,SEC_ATTACK,COMPANION,COMPANION_ENEMY,13
1,3,32,1,HIT,COMPANION,COMPANION_ENEMY,14
1,3,32,1,HIT,COMPANION,COMPANION_ENEMY,14
1,3,32,2,HIT_KILL,COMPANION,COMPANION_ENEMY,14
1,3,32,2,HIT,PLAYER,PLAYER_ENEMY,14
1,3,52,2,HIT,PLAYER,PLAYER_ENEMY,15
1,3,52,2,HIT,COMPANION,COMPANION_ENEMY,15
1,3,64,3,HIT_KILL,PLAYER,PLAYER_ENEMY,16
1,3,64,4,HIT_KILL,COMPANION,COMPANION_ENEMY,16
1,3,64,4,HIT,PLAYER,PLAYER_ENEMY,17
1,3,88,4,HIT,PLAYER,PLAYER_ENEMY,17
1,3,88,5,HIT_KILL,COMPANION,COMPANION_ENEMY,17
1,3,118,5,HIT,PLAYER,PLAYER_ENEMY,18
1,3,118,6,HIT_KILL,PLAYER,PLAYER_ENEMY,18
1,3,118,6,HIT,PLAYER,PLAYER_ENEMY,18
1,3,154,7,HIT_KILL,PLAYER,PLAYER_ENEMY,19
1,3,238,7,HIT,COMPANION,COMPANION_ENEMY,21
1,3,238,0,HIT,COMPANION,COMPANION_ENEMY,21
1,3,238,0,HIT,PLAYER,PLAYER_ENEMY,21
1,3,238,0,HIT,PLAYER,PLAYER_ENEMY,21
1,3,238,1,HIT_KILL,PLAYER,PLAYER_ENEMY,22
1,3,238,2,HIT_KILL,COMPANION,COMPANION_ENEMY,22
1,3,238,2,MISS,PLAYER,PLAYER_ENEMY,22
1,3,238,2,HIT,PLAYER,PLAYER_ENEMY,22
1,3,238,2,HIT,PLAYER,PLAYER_ENEMY,22
1,3,238,2,NERF,COMPANION,PLAYER_ENEMY,23
1,3,238,2,HIT,COMPANION,COMPANION_ENEMY,23
1,3,238,3,HIT_KILL,PLAYER,PLAYER_ENEMY,23
1,3,274,3,HIT,COMPANION,COMPANION_ENEMY,23
1,3,274,3,MISS,PLAYER,PLAYER_ENEMY,24
1,3,274,3,SEC_ATTACK,COMPANION,COMPANION_ENEMY,24
1,3,274,3,HIT,COMPANION,COMPANION_ENEMY,24
1,3,274,4,HIT_KILL,COMPANION,COMPANION_ENEMY,24
1,3,274,4,HIT,COMPANION,COMPANION_ENEMY,24
1,3,274,4,MISS,PLAYER,PLAYER_ENEMY,24
1,3,298,5,HIT_KILL,COMPANION,COMPANION_ENEMY,25
1,3,358,0,HIT,PLAYER,PLAYER_ENEMY,27
1,3,358,0,MISS,PLAYER,PLAYER_ENEMY,27
1,3,358,1,HIT_KILL,PLAYER,PLAYER_ENEMY,27
1,3,358,1,HIT,COMPANION,COMPANION_ENEMY,28
1,3,358,1,MISS,PLAYER,PLAYER_ENEMY,28
1,3,358,1,HIT,COMPANION,COMPANION_ENEMY,28
1,3,358,1,HIT,PLAYER,PLAYER_ENEMY,29
1,3,358,2,HIT_KILL,COMPANION,COMPANION_ENEMY,29
1,3,364,3,HIT_KILL,PLAYER,PLAYER_ENEMY,29
1,3,364,3,HIT,COMPANION,COMPANION_ENEMY,30
1,3,382,3,HIT,COMPANION,COMPANION_ENEMY,31
1,3,382,3,HIT,PLAYER,PLAYER_ENEMY,31
1,3,382,3,MISS,PLAYER,PLAYER_ENEMY,31
1,3,391,1,HIT_KILL,COMPANION,COMPANION_ENEMY,31
1,3,391,2,HIT_KILL,PLAYER,PLAYER_ENEMY,31
1,3,409,0,HIT,COMPANION,COMPANION_ENEMY,34
1,3,409,0,MISS,PLAYER,PLAYER_ENEMY,34
1,3,409,0,MISS,PLAYER,PLAYER_ENEMY,35
1,3,409,0,HIT,PLAYER,PLAYER_ENEMY,35
1,3,409,0,HIT,PLAYER,PLAYER_ENEMY,36
1,3,409,0,HIT,COMPANION,COMPANION_ENEMY,36
1,3,409,0,MISS,PLAYER,PLAYER_ENEMY,36
1,3,409,1,HIT_KILL,PLAYER,PLAYER_ENEMY,36
1,3,409,1,HIT,COMPANION,COMPANION_ENEMY,37
1,3,409,2,HIT_KILL,COMPANION,COMPANION_ENEMY,38
1,3,421,2,SEC_ATTACK,COMPANION,COMPANION_ENEMY,38
1,3,421,2,HIT,COMPANION,COMPANION_ENEMY,38
1,3,421,2,HIT,COMPANION,COMPANION_ENEMY,38
1,3,421,2,HIT,PLAYER,PLAYER_ENEMY,39
1,3,421,2,NERF,COMPANION,PLAYER_ENEMY,39
1,3,421,3,HIT_KILL,COMPANION,COMPANION_ENEMY,39
1,3,421,3,HIT,PLAYER,PLAYER_ENEMY,39
1,3,439,4,HIT_KILL,PLAYER,PLAYER_ENEMY,40
1,3,463,4,HIT,COMPANION,COMPANION_ENEMY,41
1,3,463,4,HIT,COMPANION,COMPANION_ENEMY,41
1,3,463,4,MISS,PLAYER,PLAYER_ENEMY,41
1,3,463,4,HIT,PLAYER,PLAYER_ENEMY,41
1,3,475,5,HIT_KILL,COMPANION,COMPANION_ENEMY,41
1,3,475,5,MISS,PLAYER,PLAYER_ENEMY,42
1,3,475,5,HIT,PLAYER,PLAYER_ENEMY,43
1,3,475,5,HIT,COMPANION,COMPANION_ENEMY,43
1,3,475,6,HIT_KILL,PLAYER,PLAYER_ENEMY,43
1,3,511,6,HIT,COMPANION,COMPANION_ENEMY,43
1,3,511,7,HIT_KILL,PLAYER,PLAYER_ENEMY,44
1,3,511,8,HIT_KILL,COMPANION,COMPANION_ENEMY,44
1,3,535,8,HIT,PLAYER,PLAYER_ENEMY,45
1,3,535,8,HIT,COMPANION,COMPANION_ENEMY,45
1,3,535,8,MISS,PLAYER,PLAYER_ENEMY,45
1,3,535,8,HIT,PLAYER,PLAYER_ENEMY,45
1,3,535,8,HIT,COMPANION,COMPANION_ENEMY,45
1,3,559,9,HIT_KILL,PLAYER,PLAYER_ENEMY,46
1,3,613,9,HIT,COMPANION,COMPANION_ENEMY,46
1,3,613,9,HIT,PLAYER,PLAYER_ENEMY,47
1,3,613,10,HIT_KILL,PLAYER,PLAYER_ENEMY,47
1,3,613,10,HIT,COMPANION,COMPANION_ENEMY,47
1,3,673,10,HIT,COMPANION,COMPANION_ENEMY,48
1,3,673,10,MISS,PLAYER,PLAYER_ENEMY,48
1,3,673,10,HIT,COMPANION,COMPANION_ENEMY,48
1,3,673,10,NERF,COMPANION,PLAYER_ENEMY,48
1,3,703,10,MISS,PLAYER,PLAYER_ENEMY,49
1,3,703,11,HIT_KILL,COMPANION,COMPANION_ENEMY,49
1,3,703,11,HIT,PLAYER,PLAYER_ENEMY,49
1,3,703,12,HIT_KILL,PLAYER,PLAYER_ENEMY,50
1,3,763,12,HIT,COMPANION,COMPANION_ENEMY,50
1,3,775,12,HIT,COMPANION,COMPANION_ENEMY,51
1,3,775,12,HIT,PLAYER,PLAYER_ENEMY,51
1,3,775,13,HIT_KILL,COMPANION,COMPANION_ENEMY,51
1,3,788,14,HIT_KILL,PLAYER,PLAYER_ENEMY,51
1,3,816,14,MISS,PLAYER,PLAYER_ENEMY,51
1,3,816,14,HIT,COMPANION,COMPANION_ENEMY,53
1,3,900,14,MISS,PLAYER,PLAYER_ENEMY,53
1,3,928,14,HIT,PLAYER,PLAYER_ENEMY,53
1,3,942,1,HIT_KILL,PLAYER,PLAYER_ENEMY,54
1,3,942,1,MISS,PLAYER,PLAYER_ENEMY,54
1,3,942,1,MISS,PLAYER,PLAYER_ENEMY,55
1,3,945,1,HIT,COMPANION,COMPANION_ENEMY,55
1,3,945,1,HIT,PLAYER,PLAYER_ENEMY,55
1,3,945,1,HIT_KILL,PLAYER,PLAYER_ENEMY,56
1,3,945,1,HIT,PLAYER,PLAYER_ENEMY,57
1,3,945,1,HIT,COMPANION,COMPANION_ENEMY,57
1,3,948,0,NERF,COMPANION,PLAYER_ENEMY,58
1,3,948,0,HIT,PLAYER,PLAYER_ENEMY,58
1,3,948,0,MISS,PLAYER,PLAYER_ENEMY,58
1,3,948,1,HIT_KILL,PLAYER,PLAYER_ENEMY,58
1,3,948,1,MISS,PLAYER,PLAYER_ENEMY,59
1,3,948,1,HIT,COMPANION,COMPANION_ENEMY,59
1,3,948,2,HIT_KILL,COMPANION,COMPANION_ENEMY,59
1,3,948,2,FINAL,-,-,60
1,0,0,0,HIT,PLAYER,PLAYER_ENEMY,5
1,0,0,0,HIT,PLAYER,PLAYER_ENEMY,5
1,0,0,0,MISS,PLAYER,PLAYER_ENEMY,6
1,0,0,1,HIT_KILL,PLAYER,PLAYER_ENEMY,6
1,0,0,1,BUFF,COMPANION,PLAYER_ENEMY,7
1,0,0,1,MISS,PLAYER,PLAYER_ENEMY,7
1,0,6,1,MISS,PLAYER,PLAYER_ENEMY,8
1,0,6,1,HIT,COMPANION,COMPANION_ENEMY,8
1,0,6,0,HIT,COMPANION,COMPANION_ENEMY,8
1,0,6,0,MISS,PLAYER,PLAYER_ENEMY,8
1,0,6,1,HIT_KILL,COMPANION,COMPANION_ENEMY,9
1,0,6,1,MISS,PLAYER,PLAYER_ENEMY,9
1,0,6,1,SEC_ATTACK,COMPANION,COMPANION_ENEMY,9
1,0,6,1,HIT,COMPANION,COMPANION_ENEMY,9
1,0,6,1,HIT,COMPANION,COMPANION_ENEMY,9
1,0,6,1,MISS,PLAYER,PLAYER_ENEMY,9
1,0,6,2,HIT_KILL,COMPANION,COMPANION_ENEMY,9
1,0,6,2,HIT,PLAYER,PLAYER_ENEMY,10
1,0,18,2,HIT,PLAYER,PLAYER_ENEMY,10
1,0,18,2,MISS,PLAYER,PLAYER_ENEMY,11
1,0,18,2,HIT,PLAYER,PLAYER_ENEMY,11
1,0,30,1,HIT_KILL,PLAYER,PLAYER_ENEMY,12
1,0,30,1,HIT,PLAYER,PLAYER_ENEMY,12
1,0,30,1,HIT,PLAYER,PLAYER_ENEMY,13
1,0,40,2,HIT_KILL,PLAYER,PLAYER_ENEMY,13
1,0,52,0,MISS,PLAYER,PLAYER_ENEMY,16
1,0,52,0,HIT,COMPANION,COMPANION_ENEMY,16
1,0,52,0,HIT,COMPANION,COMPANION_ENEMY,17
1,0,52,0,HIT,PLAYER,PLAYER_ENEMY,17
1,0,52,0,BUFF,COMPANION,COMPANION_ENEMY,17
1,0,52,1,HIT_KILL,COMPANION,COMPANION_ENEMY,17
1,0,52,1,HIT,PLAYER,PLAYER_ENEMY,18
1,0,52,1,MISS,PLAYER,PLAYER_ENEMY,18
1,0,52,2,HIT_KILL,PLAYER,PLAYER_ENEMY,18
1,0,52,2,HIT,COMPANION,COMPANION_ENEMY,18
1,0,62,2,MISS,PLAYER,PLAYER_ENEMY,19
1,0,64,2,MISS,PLAYER,PLAYER_ENEMY,19
1,0,64,2,HIT,COMPANION,COMPANION_ENEMY,19
1,0,64,2,MISS,PLAYER,PLAYER_ENEMY,20
1,0,64,2,HIT,COMPANION,COMPANION_ENEMY,20
1,0,72,2,HIT,PLAYER,PLAYER_ENEMY,20
1,0,76,2,HIT,COMPANION,COMPANION_ENEMY,20
1,0,76,2,MISS,PLAYER,PLAYER_ENEMY,20
1,0,76,0,HIT,PLAYER,PLAYER_ENEMY,20
1,0,76,0,MISS,PLAYER,PLAYER_ENEMY,20
1,0,76,0,HIT,PLAYER,PLAYER_ENEMY,20
1,0,76,0,HIT,COMPANION,COMPANION_ENEMY,21
1,0,76,0,HIT,PLAYER,PLAYER_ENEMY,21
1,0,76,1,HIT_KILL,PLAYER,PLAYER_ENEMY,21
1,0,76,1,MISS,PLAYER,PLAYER_ENEMY,21
1,0,76,1,HIT,COMPANION,COMPANION_ENEMY,21
1,0,76,1,HIT,COMPANION,COMPANION_ENEMY,22
1,0,76,1,HIT,PLAYER,PLAYER_ENEMY,22
1,0,76,2,HIT_KILL,PLAYER,PLAYER_ENEMY,22
1,0,84,3,HIT_KILL,COMPANION,COMPANION_ENEMY,22
1,0,90,3,HIT,COMPANION,COMPANION_ENEMY,23
1,0,90,3,MISS,PLAYER,PLAYER_ENEMY,24
1,0,117,3,HIT,PLAYER,PLAYER_ENEMY,24
1,0,150,3,HIT,COMPANION,COMPANION_ENEMY,24
1,0,150,0,HIT,PLAYER,PLAYER_ENEMY,25
1,0,150,0,HIT,COMPANION,COMPANION_ENEMY,25
1,0,150,1,HIT_KILL,PLAYER,PLAYER_ENEMY,25
1,0,150,1,HIT,COMPANION,COMPANION_ENEMY,25
1,0,150,1,SEC_ATTACK,COMPANION,COMPANION_ENEMY,26
1,0,150,1,MISS,PLAYER,PLAYER_ENEMY,26
1,0,150,1,HIT,COMPANION,COMPANION_ENEMY,26
1,0,150,2,HIT_KILL,COMPANION,COMPANION_ENEMY,26
1,0,150,3,HIT_KILL,COMPANION,COMPANION_ENEMY,26
1,0,150,4,HIT_KILL,COMPANION,COMPANION_ENEMY,26
1,0,150,4,BUFF,COMPANION,COMPANION_ENEMY,27
1,0,174,4,HIT,PLAYER,PLAYER_ENEMY,27
1,0,174,5,HIT_KILL,COMPANION,COMPANION_ENEMY,27
1,0,174,5,MISS,PLAYER,PLAYER_ENEMY,27
1,0,204,5,HIT,PLAYER,PLAYER_ENEMY,28
1,0,274,5,MISS,PLAYER,PLAYER_ENEMY,28
1,0,284,5,MISS,PLAYER,PLAYER_ENEMY,28
1,0,284,6,HIT_KILL,PLAYER,PLAYER_ENEMY,28
1,0,344,6,HIT,PLAYER,PLAYER_ENEMY,29
1,0,344,6,HIT,PLAYER,PLAYER_ENEMY,29
1,0,344,6,HIT,COMPANION,COMPANION_ENEMY,29
1,0,344,6,HIT,PLAYER,PLAYER_ENEMY,29
1,0,344,6,HIT,PLAYER,PLAYER_ENEMY,29
1,0,344,6,HIT,COMPANION,COMPANION_ENEMY,30
1,0,380,7,HIT_KILL,PLAYER,PLAYER_ENEMY,30
1,0,380,7,MISS,PLAYER,PLAYER_ENEMY,30
1,0,380,7,HIT,COMPANION,COMPANION_ENEMY,30
1,0,380,7,MISS,PLAYER,PLAYER_ENEMY,31
1,0,380,7,HIT,PLAYER,PLAYER_ENEMY,31
1,0,380,8,HIT_KILL,COMPANION,COMPANION_ENEMY,31
1,0,428,8,HIT,PLAYER,PLAYER_ENEMY,32
1,0,428,9,HIT_KILL,PLAYER,PLAYER_ENEMY,32
1,0,428,9,MISS,PLAYER,PLAYER_ENEMY,32
1,0,428,9,HIT,COMPANION,COMPANION_ENEMY,33
1,0,518,9,MISS,PLAYER,PLAYER_ENEMY,33
1,0,518,9,HIT,COMPANION,COMPANION_ENEMY,33
1,0,518,9,HIT,COMPANION,COMPANION_ENEMY,33
1,0,572,9,SEC_ATTACK,COMPANION,COMPANION_ENEMY,34
1,0,572,10,HIT_KILL,COMPANION,COMPANION_ENEMY,34
1,0,572,10,MISS,PLAYER,PLAYER_ENEMY,35
1,0,672,0,BUFF,COMPANION,COMPANION_ENEMY,36
1,0,672,0,HIT,COMPANION,COMPANION_ENEMY,36
1,0,672,0,MISS,PLAYER,PLAYER_ENEMY,37
1,0,672,0,HIT,PLAYER,PLAYER_ENEMY,37
1,0,672,0,HIT,COMPANION,COMPANION_ENEMY,37
1,0,672,0,HIT,PLAYER,PLAYER_ENEMY,37
1,0,672,0,MISS,PLAYER,PLAYER_ENEMY,37
1,0,672,0,MISS,PLAYER,PLAYER_ENEMY,38
1,0,672,1,HIT_KILL,PLAYER,PLAYER_ENEMY,38
1,0,672,1,HIT,COMPANION,COMPANION_ENEMY,38
1,0,672,1,MISS,PLAYER,PLAYER_ENEMY,38
1,0,672,1,HIT,COMPANION,COMPANION_ENEMY,38
1,0,672,1,MISS,PLAYER,PLAYER_ENEMY,39
1,0,672,1,HIT,COMPANION,COMPANION_ENEMY,39
1,0,672,1,HIT,PLAYER,PLAYER_ENEMY,39
1,0,678,1,HIT_KILL,COMPANION,COMPANION_ENEMY,40
1,0,678,1,HIT,PLAYER,PLAYER_ENEMY,40
1,0,678,1,SEC_ATTACK,COMPANION,COMPANION_ENEMY,40
1,0,678,2,HIT_KILL,COMPANION,COMPANION_ENEMY,40
1,0,678,2,HIT,COMPANION,COMPANION_ENEMY,40
1,0,678,3,HIT_KILL,PLAYER,PLAYER_ENEMY,40
1,0,678,3,HIT,COMPANION,COMPANION_ENEMY,41
1,0,678,3,HIT,COMPANION,COMPANION_ENEMY,41
1,0,723,3,HIT,PLAYER,PLAYER_ENEMY,42
1,0,738,4,HIT_KILL,COMPANION,COMPANION_ENEMY,42
1,0,762,4,HIT,PLAYER,PLAYER_ENEMY,42
1,0,762,5,HIT_KILL,PLAYER,PLAYER_ENEMY,43
1,0,762,5,HIT,PLAYER,PLAYER_ENEMY,43
1,0,812,5,HIT,COMPANION,COMPANION_ENEMY,44
1,0,812,5,HIT,PLAYER,PLAYER_ENEMY,44
1,0,812,5,HIT,COMPANION,COMPANION_ENEMY,45
1,0,812,6,HIT_KILL,PLAYER,PLAYER_ENEMY,45
1,0,812,6,HIT,PLAYER,PLAYER_ENEMY,45
1,0,848,6,HIT,COMPANION,COMPANION_ENEMY,45
1,0,848,6,HIT,PLAYER,PLAYER_ENEMY,45
1,0,848,6,HIT,COMPANION,COMPANION_ENEMY,45
1,0,848,6,SEC_ATTACK,COMPANION,COMPANION_ENEMY,46
1,0,848,7,HIT_KILL,COMPANION,COMPANION_ENEMY,46
1,0,848,8,HIT_KILL,PLAYER,PLAYER_ENEMY,46
1,0,992,0,HIT,COMPANION,COMPANION_ENEMY,48
1,0,992,0,HIT,COMPANION,COMPANION_ENEMY,48
1,0,992,0,HIT,PLAYER,PLAYER_ENEMY,48
1,0,992,1,HIT_KILL,COMPANION,COMPANION_ENEMY,49
1,0,992,1,HIT,PLAYER,PLAYER_ENEMY,49
1,0,992,2,HIT_KILL,COMPANION,COMPANION_ENEMY,49
1,0,992,3,HIT_KILL,PLAYER,PLAYER_ENEMY,49
1,0,992,3,HIT,COMPANION,COMPANION_ENEMY,50
1,0,992,3,HIT,COMPANION,COMPANION_ENEMY,50
1,0,1010,3,HIT,PLAYER,PLAYER_ENEMY,50
1,0,1028,3,MISS,PLAYER,PLAYER_ENEMY,51
1,0,1028,3,BUFF,COMPANION,COMPANION_ENEMY,51
1,0,1046,4,HIT_KILL,COMPANION,COMPANION_ENEMY,51
1,0,1046,4,HIT,PLAYER,PLAYER_ENEMY,51
1,0,1046,5,HIT_KILL,PLAYER,PLAYER_ENEMY,52
1,0,1046,5,MISS,PLAYER,PLAYER_ENEMY,52
1,0,1071,5,HIT,COMPANION,COMPANION_ENEMY,53
1,0,1076,5,HIT,PLAYER,PLAYER_ENEMY,53
1,0,1076,5,HIT,COMPANION,COMPANION_ENEMY,53
1,0,1076,5,HIT,PLAYER,PLAYER_ENEMY,53
1,0,1106,6,HIT_KILL,PLAYER,PLAYER_ENEMY,54
1,0,1106,6,HIT,COMPANION,COMPANION_ENEMY,54
1,0,1106,6,MISS,PLAYER,PLAYER_ENEMY,54
1,0,1106,6,MISS,PLAYER,PLAYER_ENEMY,55
1,0,1106,7,HIT_KILL,COMPANION,COMPANION_ENEMY,55
1,0,1148,7,HIT,PLAYER,PLAYER_ENEMY,55
1,0,1148,7,HIT,PLAYER,PLAYER_ENEMY,56
1,0,1148,7,HIT,PLAYER,PLAYER_ENEMY,56
1,0,1204,7,HIT,COMPANION,COMPANION_ENEMY,56
1,0,1218,7,HIT,COMPANION,COMPANION_ENEMY,56
1,0,1218,1,HIT_KILL,PLAYER,PLAYER_ENEMY,57
1,0,1218,1,HIT,COMPANION,COMPANION_ENEMY,57
1,0,1218,1,HIT,COMPANION,COMPANION_ENEMY,57
1,0,1218,1,HIT,PLAYER,PLAYER_ENEMY,57
1,0,1218,1,HIT,PLAYER,PLAYER_ENEMY,58
1,0,1218,1,HIT,COMPANION,COMPANION_ENEMY,58
1,0,1218,1,MISS,PLAYER,PLAYER_ENEMY,58
1,0,1218,1,HIT,PLAYER,PLAYER_ENEMY,58
1,0,1220,1,HIT,PLAYER,PLAYER_ENEMY,58
1,0,1224,2,HIT_KILL,PLAYER,PLAYER_ENEMY,58
1,0,1224,2,HIT,COMPANION,COMPANION_ENEMY,59
1,0,1224,2,HIT,COMPANION,COMPANION_ENEMY,59
1,0,1224,2,HIT,PLAYER,PLAYER_ENEMY,59
1,0,1224,2,HIT,COMPANION,COMPANION_ENEMY,59
1,0,1224,2,FINAL,-,-,60
1,1,0,0,HIT,PLAYER,PLAYER_ENEMY,4
1,1,0,0,HIT,COMPANION,COMPANION_ENEMY,4
1,1,0,0,HIT,PLAYER,PLAYER_ENEMY,5
1,1,0,0,HIT,COMPANION,COMPANION_ENEMY,5
1,1,0,1,HIT_KILL,PLAYER,PLAYER_ENEMY,5
1,1,0,1,HIT,PLAYER,PLAYER_ENEMY,6
1,1,0,1,HIT,PLAYER,PLAYER_ENEMY,6
1,1,0,2,HIT_KILL,COMPANION,COMPANION_ENEMY,6
1,1,0,3,HIT_KILL,PLAYER,PLAYER_ENEMY,7
1,1,54,0,HIT,PLAYER,PLAYER_ENEMY,9
1,1,54,0,HIT,PLAYER,PLAYER_ENEMY,9
1,1,54,0,MISS,PLAYER,PLAYER_ENEMY,9
1,1,54,1,HIT_KILL,PLAYER,PLAYER_ENEMY,9
1,1,54,1,MISS,PLAYER,PLAYER_ENEMY,10
1,1,54,1,HIT,COMPANION,COMPANION_ENEMY,10
1,1,54,1,NERF,COMPANION,COMPANION_ENEMY,10
1,1,54,1,HIT,COMPANION,COMPANION_ENEMY,11
1,1,60,0,HIT,COMPANION,COMPANION_ENEMY,12
1,1,60,1,HIT_KILL,COMPANION,COMPANION_ENEMY,12
1,1,60,1,SEC_ATTACK,COMPANION,COMPANION_ENEMY,13
1,1,60,2,HIT_KILL,COMPANION,COMPANION_ENEMY,13
1,1,60,2,HIT,COMPANION,COMPANION_ENEMY,13
1,1,66,3,HIT_KILL,COMPANION,COMPANION_ENEMY,14
1,1,75,3,HIT,COMPANION,COMPANION_ENEMY,15
1,1,84,3,HIT,COMPANION,COMPANION_ENEMY,16
1,1,84,1,HIT_KILL,COMPANION,COMPANION_ENEMY,17
1,1,84,1,HIT,PLAYER,PLAYER_ENEMY,18
1,1,84,1,HIT,PLAYER,PLAYER_ENEMY,18
1,1,90,1,HIT_KILL,PLAYER,PLAYER_ENEMY,18
1,1,90,1,HIT,PLAYER,PLAYER_ENEMY,19
1,1,90,1,HIT,PLAYER,PLAYER_ENEMY,20
1,1,96,1,HIT,COMPANION,COMPANION_ENEMY,20
1,1,96,0,HIT,PLAYER,PLAYER_ENEMY,20
1,1,96,0,NERF,COMPANION,COMPANION_ENEMY,21
1,1,96,1,HIT_KILL,PLAYER,PLAYER_ENEMY,21
1,1,96,1,HIT,COMPANION,COMPANION_ENEMY,21
1,1,96,2,HIT_KILL,COMPANION,COMPANION_ENEMY,22
1,1,108,2,HIT,PLAYER,PLAYER_ENEMY,23
1,1,108,2,HIT,PLAYER,PLAYER_ENEMY,23
1,1,108,2,HIT,PLAYER,PLAYER_ENEMY,23
1,1,114,2,HIT,COMPANION,COMPANION_ENEMY,24
1,1,114,3,HIT_KILL,PLAYER,PLAYER_ENEMY,24
1,1,114,4,HIT_KILL,COMPANION,COMPANION_ENEMY,24
1,1,114,4,HIT,COMPANION,COMPANION_ENEMY,25
1,1,138,5,HIT_KILL,PLAYER,PLAYER_ENEMY,25
1,1,153,6,HIT_KILL,COMPANION,COMPANION_ENEMY,26
1,1,153,6,MISS,PLAYER,PLAYER_ENEMY,27
1,1,153,6,HIT,PLAYER,PLAYER_ENEMY,27
1,1,207,6,HIT,PLAYER,PLAYER_ENEMY,28
1,1,207,1,HIT_KILL,PLAYER,PLAYER_ENEMY,28
1,1,207,1,MISS,PLAYER,PLAYER_ENEMY,29
1,1,207,1,MISS,PLAYER,PLAYER_ENEMY,29
1,1,207,1,HIT,PLAYER,PLAYER_ENEMY,29
1,1,213,1,HIT,PLAYER,PLAYER_ENEMY,30
1,1,213,1,MISS,PLAYER,PLAYER_ENEMY,30
1,1,213,1,HIT_KILL,PLAYER,PLAYER_ENEMY,30
1,1,213,1,HIT,COMPANION,COMPANION_ENEMY,31
1,1,213,1,MISS,PLAYER,PLAYER_ENEMY,31
1,1,213,2,HIT_KILL,COMPANION,COMPANION_ENEMY,31
1,1,213,2,MISS,PLAYER,PLAYER_ENEMY,31
1,1,225,2,HIT,PLAYER,PLAYER_ENEMY,32
1,1,225,2,HIT,COMPANION,COMPANION_ENEMY,33
1,1,231,2,HIT,COMPANION,COMPANION_ENEMY,33
1,1,231,0,MISS,PLAYER,PLAYER_ENEMY,33
1,1,231,0,HIT,PLAYER,PLAYER_ENEMY,33
1,1,231,1,HIT_KILL,COMPANION,COMPANION_ENEMY,33
1,1,231,1,MISS,PLAYER,PLAYER_ENEMY,34
1,1,231,2,HIT_KILL,PLAYER,PLAYER_ENEMY,34
1,1,231,2,HIT,PLAYER,PLAYER_ENEMY,35
1,1,255,2,MISS,PLAYER,PLAYER_ENEMY,35
1,1,255,2,HIT,PLAYER,PLAYER_ENEMY,36
1,1,255,0,MISS,PLAYER,PLAYER_ENEMY,36
1,1,255,1,HIT_KILL,PLAYER,PLAYER_ENEMY,36
1,1,255,1,MISS,PLAYER,PLAYER_ENEMY,36
1,1,255,1,NERF,COMPANION,COMPANION_ENEMY,37
1,1,255,1,HIT,PLAYER,PLAYER_ENEMY,37
1,1,261,1,HIT,PLAYER,PLAYER_ENEMY,38
1,1,261,0,MISS,PLAYER,PLAYER_ENEMY,38
1,1,261,1,HIT_KILL,PLAYER,PLAYER_ENEMY,38
1,1,261,1,MISS,PLAYER,PLAYER_ENEMY,39
1,1,261,1,HIT,COMPANION,COMPANION_ENEMY,40
1,1,267,1,HIT,PLAYER,PLAYER_ENEMY,40
1,1,267,0,HIT,PLAYER,PLAYER_ENEMY,41
1,1,267,1,HIT_KILL,COMPANION,COMPANION_ENEMY,41
1,1,267,2,HIT_KILL,PLAYER,PLAYER_ENEMY,41
1,1,267,2,HIT,COMPANION,COMPANION_ENEMY,43
1,1,285,2,HIT,COMPANION,COMPANION_ENEMY,43
1,1,285,0,SEC_ATTACK,COMPANION,COMPANION_ENEMY,43
1,1,285,0,MISS,PLAYER,PLAYER_ENEMY,43
1,1,285,1,HIT_KILL,COMPANION,COMPANION_ENEMY,43
1,1,285,1,HIT,PLAYER,PLAYER_ENEMY,44
1,1,285,1,HIT,COMPANION,COMPANION_ENEMY,44
1,1,285,1,MISS,PLAYER,PLAYER_ENEMY,44
1,1,285,1,HIT,PLAYER,PLAYER_ENEMY,45
1,1,285,2,HIT_KILL,COMPANION,COMPANION_ENEMY,45
1,1,285,2,HIT,COMPANION,COMPANION_ENEMY,45
1,1,291,2,HIT,COMPANION,COMPANION_ENEMY,46
1,1,291,2,HIT,PLAYER,PLAYER_ENEMY,46
1,1,291,2,BUFF,COMPANION,PLAYER_ENEMY,46
1,1,297,3,HIT_KILL,COMPANION,COMPANION_ENEMY,46
1,1,297,3,HIT,PLAYER,PLAYER_ENEMY,46
1,1,297,4,HIT_KILL,PLAYER,PLAYER_ENEMY,47
1,1,297,4,HIT,COMPANION,COMPANION_ENEMY,47
1,1,297,4,HIT,COMPANION,COMPANION_ENEMY,48
1,1,297,5,HIT_KILL,PLAYER,PLAYER_ENEMY,48
1,1,327,5,MISS,PLAYER,PLAYER_ENEMY,48
1,1,327,5,HIT,PLAYER,PLAYER_ENEMY,48
1,1,327,6,HIT_KILL,COMPANION,COMPANION_ENEMY,48
1,1,345,6,HIT,PLAYER,PLAYER_ENEMY,49
1,1,363,6,SEC_ATTACK,COMPANION,COMPANION_ENEMY,49
1,1,363,6,HIT,COMPANION,COMPANION_ENEMY,49
1,1,363,7,HIT_KILL,COMPANION,COMPANION_ENEMY,49
1,1,363,7,HIT,COMPANION,COMPANION_ENEMY,49
1,1,377,7,HIT,PLAYER,PLAYER_ENEMY,49
1,1,405,7,MISS,PLAYER,PLAYER_ENEMY,49
1,1,447,7,MISS,PLAYER,PLAYER_ENEMY,50
1,1,447,8,HIT_KILL,PLAYER,PLAYER_ENEMY,50
1,1,447,8,HIT,PLAYER,PLAYER_ENEMY,50
1,1,495,8,HIT,COMPANION,COMPANION_ENEMY,51
1,1,495,8,HIT,PLAYER,PLAYER_ENEMY,51
1,1,495,8,HIT,PLAYER,PLAYER_ENEMY,51
1,1,495,9,HIT_KILL,COMPANION,COMPANION_ENEMY,51
1,1,585,10,HIT_KILL,PLAYER,PLAYER_ENEMY,52
1,1,585,10,HIT,COMPANION,COMPANION_ENEMY,52
1,1,585,10,HIT,COMPANION,COMPANION_ENEMY,52
1,1,605,10,HIT,PLAYER,PLAYER_ENEMY,53
1,1,605,11,HIT_KILL,COMPANION,COMPANION_ENEMY,53
1,1,682,11,HIT,PLAYER,PLAYER_ENEMY,53
1,1,759,11,HIT,PLAYER,PLAYER_ENEMY,54
1,1,759,12,HIT_KILL,PLAYER,PLAYER_ENEMY,54
1,1,759,12,MISS,PLAYER,PLAYER_ENEMY,54
1,1,831,12,HIT,COMPANION,COMPANION_ENEMY,55
1,1,831,12,HIT,COMPANION,COMPANION_ENEMY,55
1,1,831,12,HIT,PLAYER,PLAYER_ENEMY,55
1,1,951,13,HIT_KILL,COMPANION,COMPANION_ENEMY,56
1,1,951,13,HIT,PLAYER,PLAYER_ENEMY,56
1,1,951,13,HIT,COMPANION,COMPANION_ENEMY,56
1,1,951,14,HIT_KILL,PLAYER,PLAYER_ENEMY,56
1,1,951,14,MISS,PLAYER,PLAYER_ENEMY,57
1,1,951,14,NERF,COMPANION,COMPANION_ENEMY,57
1,1,951,14,HIT,COMPANION,COMPANION_ENEMY,57
1,1,951,14,HIT,PLAYER,PLAYER_ENEMY,57
1,1,1021,15,HIT_KILL,COMPANION,COMPANION_ENEMY,58
1,1,1126,15,HIT,PLAYER,PLAYER_ENEMY,58
1,1,1126,16,HIT_KILL,PLAYER,PLAYER_ENEMY,59
1,1,1174,16,HIT,COMPANION,COMPANION_ENEMY,59
1,1,1174,16,FINAL,-,-,60
1,2,0,0,HIT,PLAYER,PLAYER_ENEMY,5
1,2,0,0,HIT,PLAYER,PLAYER_ENEMY,5
1,2,0,0,MISS,PLAYER,PLAYER_ENEMY,6
1,2,0,1,HIT_KILL,PLAYER,PLAYER_ENEMY,6
1,2,0,1,HIT,PLAYER,PLAYER_ENEMY,7
1,2,0,1,HIT,PLAYER,PLAYER_ENEMY,7
1,2,6,1,HIT,COMPANION,COMPANION_ENEMY,8
1,2,6,2,HIT_KILL,PLAYER,PLAYER_ENEMY,8
1,2,6,2,HIT,COMPANION,COMPANION_ENEMY,9
1,2,6,2,MISS,PLAYER,PLAYER_ENEMY,9
1,2,18,1,HIT_KILL,COMPANION,COMPANION_ENEMY,11
1,2,18,1,MISS,PLAYER,PLAYER_ENEMY,11
1,2,18,1,HIT,PLAYER,PLAYER_ENEMY,11
1,2,18,1,HIT,PLAYER,PLAYER_ENEMY,12
1,2,24,1,HIT,PLAYER,PLAYER_ENEMY,12
1,2,24,0,HIT,COMPANION,COMPANION_ENEMY,13
1,2,24,0,HIT,PLAYER,PLAYER_ENEMY,13
1,2,24,0,HIT,COMPANION,COMPANION_ENEMY,13
1,2,24,0,MISS,PLAYER,PLAYER_ENEMY,13
1,2,24,1,HIT_KILL,COMPANION,COMPANION_ENEMY,13
1,2,24,2,HIT_KILL,PLAYER,PLAYER_ENEMY,13
1,2,24,3,HIT_KILL,PLAYER,PLAYER_ENEMY,14
1,2,60,3,HIT,PLAYER,PLAYER_ENEMY,15
1,2,78,3,MISS,PLAYER,PLAYER_ENEMY,16
1,2,78,3,HIT,PLAYER,PLAYER_ENEMY,16
1,2,78,0,HIT,COMPANION,COMPANION_ENEMY,16
1,2,78,1,HIT_KILL,PLAYER,PLAYER_ENEMY,16
1,2,78,1,HIT,COMPANION,COMPANION_ENEMY,18
1,2,84,0,HIT,COMPANION,COMPANION_ENEMY,19
1,2,84,0,MISS,PLAYER,PLAYER_ENEMY,19
1,2,84,0,MISS,PLAYER,PLAYER_ENEMY,19
1,2,84,0,HIT,PLAYER,PLAYER_ENEMY,19
1,2,84,1,HIT_KILL,COMPANION,COMPANION_ENEMY,20
1,2,84,1,HIT,PLAYER,PLAYER_ENEMY,20
1,2,84,1,HIT,COMPANION,COMPANION_ENEMY,20
1,2,84,1,HIT,PLAYER,PLAYER_ENEMY,20
1,2,84,2,HIT_KILL,PLAYER,PLAYER_ENEMY,21
1,2,84,2,HIT,COMPANION,COMPANION_ENEMY,21
1,2,96,2,HIT,PLAYER,PLAYER_ENEMY,21
1,2,96,2,MISS,PLAYER,PLAYER_ENEMY,21
1,2,96,2,HIT,PLAYER,PLAYER_ENEMY,22
1,2,96,2,MISS,PLAYER,PLAYER_ENEMY,22
1,2,96,3,HIT_KILL,COMPANION,COMPANION_ENEMY,22
1,2,96,4,HIT_KILL,PLAYER,PLAYER_ENEMY,22
1,2,120,4,MISS,PLAYER,PLAYER_ENEMY,22
1,2,120,4,HIT,COMPANION,COMPANION_ENEMY,23
1,2,168,0,HIT,COMPANION,COMPANION_ENEMY,24
1,2,168,0,HIT,COMPANION,COMPANION_ENEMY,25
1,2,168,0,HIT,PLAYER,PLAYER_ENEMY,25
1,2,168,0,SEC_ATTACK,COMPANION,COMPANION_ENEMY,25
1,2,168,1,HIT_KILL,COMPANION,COMPANION_ENEMY,25
1,2,168,1,HIT,PLAYER,PLAYER_ENEMY,25
1,2,168,2,HIT_KILL,PLAYER,PLAYER_ENEMY,26
1,2,168,2,HIT,PLAYER,PLAYER_ENEMY,27
1,2,180,2,MISS,PLAYER,PLAYER_ENEMY,27
1,2,192,0,HIT,PLAYER,PLAYER_ENEMY,28
1,2,192,0,MISS,PLAYER,PLAYER_ENEMY,29
1,2,192,0,HIT,PLAYER,PLAYER_ENEMY,29
1,2,192,0,HIT,PLAYER,PLAYER_ENEMY,29
1,2,192,1,HIT_KILL,PLAYER,PLAYER_ENEMY,29
1,2,192,1,HIT,PLAYER,PLAYER_ENEMY,30
1,2,192,2,HIT_KILL,PLAYER,PLAYER_ENEMY,30
1,2,204,2,HIT,COMPANION,COMPANION_ENEMY,32
1,2,204,2,HIT,COMPANION,COMPANION_ENEMY,32
1,2,204,2,MISS,PLAYER,PLAYER_ENEMY,32
1,2,216,2,HIT,COMPANION,COMPANION_ENEMY,32
1,2,216,2,HIT,COMPANION,COMPANION_ENEMY,32
1,2,216,0,MISS,PLAYER,PLAYER_ENEMY,32
1,2,216,0,HIT,COMPANION,COMPANION_ENEMY,32
1,2,216,1,HIT_KILL,COMPANION,COMPANION_ENEMY,33
1,2,216,1,HIT,COMPANION,COMPANION_ENEMY,33
1,2,216,1,HIT,COMPANION,COMPANION_ENEMY,33
1,2,216,1,HIT,COMPANION,COMPANION_ENEMY,33
1,2,216,1,HIT,COMPANION,COMPANION_ENEMY,33
1,2,216,1,HIT,PLAYER,PLAYER_ENEMY,33
1,2,216,1,HIT,COMPANION,COMPANION_ENEMY,33
1,2,216,1,HIT,COMPANION,COMPANION_ENEMY,33
1,2,216,1,HIT,PLAYER,PLAYER_ENEMY,34
1,2,216,2,HIT_KILL,COMPANION,COMPANION_ENEMY,34
1,2,228,3,HIT_KILL,PLAYER,PLAYER_ENEMY,35
1,2,228,3,HIT,COMPANION,COMPANION_ENEMY,35
1,2,228,3,HIT,COMPANION,COMPANION_ENEMY,35
1,2,228,3,MISS,PLAYER,PLAYER_ENEMY,35
1,2,228,3,MISS,PLAYER,PLAYER_ENEMY,36
1,2,228,4,HIT_KILL,COMPANION,COMPANION_ENEMY,36
1,2,252,4,MISS,PLAYER,PLAYER_ENEMY,36
1,2,252,4,SEC_ATTACK,COMPANION,COMPANION_ENEMY,36
1,2,252,4,HIT,COMPANION,COMPANION_ENEMY,36
1,2,260,4,HIT,COMPANION,COMPANION_ENEMY,36
1,2,276,5,HIT_KILL,COMPANION,COMPANION_ENEMY,36
1,2,276,5,HIT,COMPANION,COMPANION_ENEMY,36
1,2,276,5,MISS,PLAYER,PLAYER_ENEMY,37
1,2,276,6,HIT_KILL,COMPANION,COMPANION_ENEMY,37
1,2,276,6,MISS,PLAYER,PLAYER_ENEMY,37
1,2,312,6,MISS,PLAYER,PLAYER_ENEMY,37
1,2,348,6,HIT,COMPANION,COMPANION_ENEMY,38
1,2,384,0,HIT,COMPANION,COMPANION_ENEMY,39
1,2,384,1,HIT_KILL,COMPANION,COMPANION_ENEMY,39
1,2,384,1,HIT,COMPANION,COMPANION_ENEMY,40
1,2,384,1,HIT,COMPANION,COMPANION_ENEMY,40
1,2,384,1,HIT,PLAYER,PLAYER_ENEMY,41
1,2,384,2,HIT_KILL,COMPANION,COMPANION_ENEMY,41
1,2,396,2,HIT,PLAYER,PLAYER_ENEMY,41
1,2,408,3,HIT_KILL,PLAYER,PLAYER_ENEMY,43
1,2,408,3,HIT,PLAYER,PLAYER_ENEMY,44
1,2,426,0,HIT,PLAYER,PLAYER_ENEMY,45
1,2,426,1,HIT_KILL,PLAYER,PLAYER_ENEMY,45
1,2,426,1,HIT,COMPANION,COMPANION_ENEMY,46
1,2,426,1,MISS,PLAYER,PLAYER_ENEMY,46
1,2,426,1,HIT,COMPANION,COMPANION_ENEMY,46
1,2,426,1,HIT,PLAYER,PLAYER_ENEMY,47
1,2,427,1,HIT,COMPANION,COMPANION_ENEMY,47
1,2,432,1,HIT,PLAYER,PLAYER_ENEMY,47
1,2,432,1,HIT_KILL,PLAYER,PLAYER_ENEMY,48
1,2,432,1,HIT,COMPANION,COMPANION_ENEMY,48
1,2,432,1,HIT,COMPANION,COMPANION_ENEMY,48
1,2,432,2,HIT_KILL,COMPANION,COMPANION_ENEMY,48
1,2,432,2,HIT,PLAYER,PLAYER_ENEMY,49
1,2,432,2,HIT,COMPANION,COMPANION_ENEMY,49
1,2,434,2,HIT,PLAYER,PLAYER_ENEMY,49
1,2,444,2,HIT,COMPANION,COMPANION_ENEMY,50
1,2,444,3,HIT_KILL,PLAYER,PLAYER_ENEMY,50
1,2,462,3,HIT,COMPANION,COMPANION_ENEMY,50
1,2,462,3,MISS,PLAYER,PLAYER_ENEMY,51
1,2,462,3,HIT,PLAYER,PLAYER_ENEMY,51
1,2,462,4,HIT_KILL,COMPANION,COMPANION_ENEMY,51
1,2,462,4,HIT,PLAYER,PLAYER_ENEMY,51
1,2,486,5,HIT_KILL,COMPANION,COMPANION_ENEMY,52
1,2,486,6,HIT_KILL,PLAYER,PLAYER_ENEMY,52
1,2,486,6,MISS,PLAYER,PLAYER_ENEMY,52
1,2,486,6,HIT,PLAYER,PLAYER_ENEMY,53
1,2,462,0,DEATH,PLAYER_ENEMY,PLAYER,53
1,2,462,0,HIT,PLAYER,PLAYER_ENEMY,53
1,2,462,0,HIT,COMPANION,COMPANION_ENEMY,53
1,2,462,0,HIT,COMPANION,COMPANION_ENEMY,54
1,2,462,0,HIT,PLAYER,PLAYER_ENEMY,55
1,2,462,0,MISS,PLAYER,PLAYER_ENEMY,55
1,2,462,0,HIT,COMPANION,COMPANION_ENEMY,55
1,2,462,0,HIT,PLAYER,PLAYER_ENEMY,55
1,2,462,0,HIT,COMPANION,COMPANION_ENEMY,56
1,2,462,1,HIT_KILL,PLAYER,PLAYER_ENEMY,56
1,2,462,2,HIT_KILL,PLAYER,PLAYER_ENEMY,57
1,2,462,2,MISS,PLAYER,PLAYER_ENEMY,57
1,2,462,2,HIT,COMPANION,COMPANION_ENEMY,57
1,2,462,2,HIT,PLAYER,PLAYER_ENEMY,57
1,2,462,2,HIT,PLAYER,PLAYER_ENEMY,57
1,2,468,3,HIT_KILL,COMPANION,COMPANION_ENEMY,58
1,2,477,3,SEC_ATTACK,COMPANION,COMPANION_ENEMY,58
1,2,477,3,HIT,COMPANION,COMPANION_ENEMY,58
1,2,486,3,MISS,PLAYER,PLAYER_ENEMY,58
1,2,486,3,HIT,COMPANION,COMPANION_ENEMY,58
1,2,495,4,HIT_KILL,PLAYER,PLAYER_ENEMY,59
1,2,495,4,MISS,PLAYER,PLAYER_ENEMY,59
1,2,495,5,HIT_KILL,COMPANION,COMPANION_ENEMY,59
1,2,525,5,FINAL,-,-,60
